Index,Ego_HostVelGain,Other_Velocity_mps,Other_Time_s,Critical adapted distance,Velocity at critical distance,Critical
0,0.100000,0.500000,0.000000,-0.000550,-0.543839,0
1,0.100000,0.500000,0.555556,-0.000540,-0.543839,0
2,0.100000,0.500000,1.111111,-0.000529,-0.543839,0
3,0.100000,0.500000,1.666667,-0.000519,-0.543839,0
4,0.100000,0.500000,2.222222,-0.000509,-0.543839,0
5,0.100000,0.500000,2.777778,-0.000500,-0.543839,0
6,0.100000,0.500000,3.333333,-0.000389,-0.543839,0
7,0.100000,0.500000,3.888889,-0.000078,-0.543839,0
8,0.100000,0.500000,4.444444,-0.000003,-0.543839,0
9,0.100000,0.500000,5.000000,-0.000000,-0.543839,0
10,0.200000,0.500000,0.000000,-0.066838,-0.807205,0
11,0.200000,0.500000,0.555556,-0.067175,-0.807205,0
12,0.200000,0.500000,1.111111,-0.067520,-0.807205,0
13,0.200000,0.500000,1.666667,-0.067860,-0.807205,0
14,0.200000,0.500000,2.222222,-0.068208,-0.807205,0
15,0.200000,0.500000,2.777778,-0.064153,-0.807205,0
16,0.200000,0.500000,3.333333,-0.018668,-0.807205,0
17,0.200000,0.500000,3.888889,-0.001208,-0.807205,0
18,0.200000,0.500000,4.444444,-0.000016,-0.807205,0
19,0.200000,0.500000,5.000000,-0.000000,-0.807205,0
20,0.300000,0.500000,0.000000,-0.434565,-0.017674,0
21,0.300000,0.500000,0.555556,-0.453835,-0.001590,0
22,0.300000,0.500000,1.111111,-0.992290,-1.051845,1
23,0.300000,0.500000,1.666667,-0.925422,-1.053071,1
24,0.300000,0.500000,2.222222,-0.278607,-1.053071,0
25,0.300000,0.500000,2.777778,-0.017989,-1.053071,0
26,0.300000,0.500000,3.333333,-0.000257,-1.043884,0
27,0.300000,0.500000,3.888889,-0.000005,-1.033053,0
28,0.300000,0.500000,4.444444,-0.000000,-1.029922,0
29,0.300000,0.500000,5.000000,-0.000000,-1.030690,0
30,0.400000,0.500000,0.000000,-0.964113,-1.318540,1
31,0.400000,0.500000,0.555556,-0.315540,-1.318540,0
32,0.400000,0.500000,1.111111,-0.021462,-1.319734,0
33,0.400000,0.500000,1.666667,-0.000338,-1.319734,0
34,0.400000,0.500000,2.222222,-0.000001,-1.305888,0
35,0.400000,0.500000,2.777778,-0.000000,-1.299075,0
36,0.400000,0.500000,3.333333,-0.000000,-1.295759,0
37,0.400000,0.500000,3.888889,-0.000000,-1.288533,0
38,0.400000,0.500000,4.444444,-0.000000,-1.276590,0
39,0.400000,0.500000,5.000000,-0.000000,-1.237612,0
40,0.500000,0.500000,0.000000,-0.024716,-1.569559,0
41,0.500000,0.500000,0.555556,-0.000386,-1.569559,0
42,0.500000,0.500000,1.111111,-0.000002,-1.576067,0
43,0.500000,0.500000,1.666667,-0.000000,-1.570732,0
44,0.500000,0.500000,2.222222,-0.000000,-1.568116,0
45,0.500000,0.500000,2.777778,-0.000000,-1.566584,0
46,0.500000,0.500000,3.333333,-0.000000,-1.566105,0
47,0.500000,0.500000,3.888889,-0.000000,-1.502782,0
48,0.500000,0.500000,4.444444,-0.000000,-1.497151,0
49,0.500000,0.500000,5.000000,-0.000000,-1.495297,0
50,0.600000,0.500000,0.000000,-0.000216,-1.809534,0
51,0.600000,0.500000,0.555556,-0.000001,-1.809567,0
52,0.600000,0.500000,1.111111,-0.000000,-1.809567,0
53,0.600000,0.500000,1.666667,-0.000000,-1.809735,0
54,0.600000,0.500000,2.222222,-0.000000,-1.809735,0
55,0.600000,0.500000,2.777778,-0.000000,-1.806909,0
56,0.600000,0.500000,3.333333,-0.000000,-1.770047,0
57,0.600000,0.500000,3.888889,-0.000000,-1.767059,0
58,0.600000,0.500000,4.444444,-0.000000,-1.766361,0
59,0.600000,0.500000,5.000000,-0.000000,-1.764657,0
60,0.700000,0.500000,0.000000,-0.000000,-2.005861,0
61,0.700000,0.500000,0.555556,-0.000000,-2.013894,0
62,0.700000,0.500000,1.111111,-0.000000,-2.010696,0
63,0.700000,0.500000,1.666667,-0.000000,-2.009970,0
64,0.700000,0.500000,2.222222,-0.000000,-2.009916,0
65,0.700000,0.500000,2.777778,-0.000000,-2.014611,0
66,0.700000,0.500000,3.333333,-0.000000,-2.013205,0
67,0.700000,0.500000,3.888889,-0.000000,-1.913507,0
68,0.700000,0.500000,4.444444,-0.000000,-1.910686,0
69,0.700000,0.500000,5.000000,-0.000000,-1.910686,0
70,0.800000,0.500000,0.000000,-0.000000,-2.176791,0
71,0.800000,0.500000,0.555556,-0.000000,-2.173708,0
72,0.800000,0.500000,1.111111,-0.000000,-2.170901,0
73,0.800000,0.500000,1.666667,-0.000000,-2.168478,0
74,0.800000,0.500000,2.222222,-0.000000,-2.224323,0
75,0.800000,0.500000,2.777778,-0.000000,-2.120880,0
76,0.800000,0.500000,3.333333,-0.000000,-2.114018,0
77,0.800000,0.500000,3.888889,-0.000000,-2.111172,0
78,0.800000,0.500000,4.444444,-0.000000,-2.111172,0
79,0.800000,0.500000,5.000000,-0.000000,-2.175223,0
80,0.900000,0.500000,0.000000,-0.000000,-2.555992,0
81,0.900000,0.500000,0.555556,-0.000000,-2.555992,0
82,0.900000,0.500000,1.111111,-0.000000,-2.514969,0
83,0.900000,0.500000,1.666667,-0.000000,-2.511763,0
84,0.900000,0.500000,2.222222,-0.000000,-2.515986,0
85,0.900000,0.500000,2.777778,-0.000000,-2.510102,0
86,0.900000,0.500000,3.333333,-0.000000,-2.507589,0
87,0.900000,0.500000,3.888889,-0.000000,-2.505139,0
88,0.900000,0.500000,4.444444,-0.000000,-2.570151,0
89,0.900000,0.500000,5.000000,-0.000000,-2.570151,0
90,1.000000,0.500000,0.000000,-0.000000,-2.923355,0
91,1.000000,0.500000,0.555556,-0.000000,-2.923355,0
92,1.000000,0.500000,1.111111,-0.000000,-2.916976,0
93,1.000000,0.500000,1.666667,-0.000000,-2.912928,0
94,1.000000,0.500000,2.222222,-0.000000,-2.911003,0
95,1.000000,0.500000,2.777778,-0.000000,-2.790225,0
96,1.000000,0.500000,3.333333,-0.000000,-2.789012,0
97,1.000000,0.500000,3.888889,-0.000000,-2.921208,0
98,1.000000,0.500000,4.444444,-0.000000,-2.921208,0
99,1.000000,0.500000,5.000000,-0.000000,-2.921208,0
100,0.100000,0.666667,0.000000,-0.000106,-0.586918,0
101,0.100000,0.666667,0.555556,-0.000274,-0.542757,0
102,0.100000,0.666667,1.111111,-0.000398,-0.566826,0
103,0.100000,0.666667,1.666667,-0.000562,-0.543839,0
104,0.100000,0.666667,2.222222,-0.000555,-0.543839,0
105,0.100000,0.666667,2.777778,-0.000541,-0.543839,0
106,0.100000,0.666667,3.333333,-0.000527,-0.543839,0
107,0.100000,0.666667,3.888889,-0.000514,-0.543839,0
108,0.100000,0.666667,4.444444,-0.000501,-0.543839,0
109,0.100000,0.666667,5.000000,-0.000316,-0.543839,0
110,0.200000,0.666667,0.000000,-0.008827,-0.820613,0
111,0.200000,0.666667,0.555556,-0.020335,-0.826415,0
112,0.200000,0.666667,1.111111,-0.045094,-0.807205,0
113,0.200000,0.666667,1.666667,-0.066225,-0.807205,0
114,0.200000,0.666667,2.222222,-0.066678,-0.807205,0
115,0.200000,0.666667,2.777778,-0.067127,-0.807205,0
116,0.200000,0.666667,3.333333,-0.067586,-0.807205,0
117,0.200000,0.666667,3.888889,-0.068041,-0.807205,0
118,0.200000,0.666667,4.444444,-0.067116,-0.807205,0
119,0.200000,0.666667,5.000000,-0.011964,-0.807205,0
120,0.300000,0.666667,0.000000,-0.451474,-0.394127,0
121,0.300000,0.666667,0.555556,-0.357684,-0.051862,0
122,0.300000,0.666667,1.111111,-0.477052,-1.341783,0
123,0.300000,0.666667,1.666667,-0.501653,-0.241498,0
124,0.300000,0.666667,2.222222,-0.457681,-0.006194,0
125,0.300000,0.666667,2.777778,-0.899803,-1.058303,1
126,0.300000,0.666667,3.333333,-0.974242,-1.051845,1
127,0.300000,0.666667,3.888889,-0.197654,-1.053071,0
128,0.300000,0.666667,4.444444,-0.002387,-1.051254,0
129,0.300000,0.666667,5.000000,-0.000037,-1.031403,0
130,0.400000,0.666667,0.000000,-0.451323,-0.097121,0
131,0.400000,0.666667,0.555556,-0.434005,-2.439699,0
132,0.400000,0.666667,1.111111,-0.986346,-2.349573,1
133,0.400000,0.666667,1.666667,-0.996886,-1.318540,1
134,0.400000,0.666667,2.222222,-0.215179,-1.318540,0
135,0.400000,0.666667,2.777778,-0.003149,-1.318540,0
136,0.400000,0.666667,3.333333,-0.000008,-1.303057,0
137,0.400000,0.666667,3.888889,-0.000000,-1.295917,0
138,0.400000,0.666667,4.444444,-0.000000,-1.288533,0
139,0.400000,0.666667,5.000000,-0.000000,-1.274794,0
140,0.500000,0.666667,0.000000,-0.964907,-2.606308,1
141,0.500000,0.666667,0.555556,-0.640858,-2.261782,1
142,0.500000,0.666667,1.111111,-0.242180,-1.569559,0
143,0.500000,0.666667,1.666667,-0.003845,-1.569559,0
144,0.500000,0.666667,2.222222,-0.000012,-1.572836,0
145,0.500000,0.666667,2.777778,-0.000000,-1.566952,0
146,0.500000,0.666667,3.333333,-0.000000,-1.570127,0
147,0.500000,0.666667,3.888889,-0.000000,-1.563678,0
148,0.500000,0.666667,4.444444,-0.000000,-1.504612,0
149,0.500000,0.666667,5.000000,-0.000000,-1.495297,0
150,0.600000,0.666667,0.000000,-0.623950,-2.218365,1
151,0.600000,0.666667,0.555556,-0.144312,-1.809534,0
152,0.600000,0.666667,1.111111,-0.001398,-1.809534,0
153,0.600000,0.666667,1.666667,-0.000001,-1.809567,0
154,0.600000,0.666667,2.222222,-0.000000,-1.809735,0
155,0.600000,0.666667,2.777778,-0.000000,-1.806722,0
156,0.600000,0.666667,3.333333,-0.000000,-1.817418,0
157,0.600000,0.666667,3.888889,-0.000000,-1.767059,0
158,0.600000,0.666667,4.444444,-0.000000,-1.764255,0
159,0.600000,0.666667,5.000000,-0.000000,-1.684929,0
160,0.700000,0.666667,0.000000,-0.046108,-2.005051,0
161,0.700000,0.666667,0.555556,-0.000192,-2.005051,0
162,0.700000,0.666667,1.111111,-0.000000,-2.014739,0
163,0.700000,0.666667,1.666667,-0.000000,-2.010146,0
164,0.700000,0.666667,2.222222,-0.000000,-2.010352,0
165,0.700000,0.666667,2.777778,-0.000000,-2.014645,0
166,0.700000,0.666667,3.333333,-0.000000,-2.012940,0
167,0.700000,0.666667,3.888889,-0.000000,-1.913507,0
168,0.700000,0.666667,4.444444,-0.000000,-1.910686,0
169,0.700000,0.666667,5.000000,-0.000000,-1.910686,0
170,0.800000,0.666667,0.000000,-0.000696,-2.178393,0
171,0.800000,0.666667,0.555556,-0.000000,-2.176791,0
172,0.800000,0.666667,1.111111,-0.000000,-2.170901,0
173,0.800000,0.666667,1.666667,-0.000000,-2.167432,0
174,0.800000,0.666667,2.222222,-0.000000,-2.246862,0
175,0.800000,0.666667,2.777778,-0.000000,-2.120880,0
176,0.800000,0.666667,3.333333,-0.000000,-2.111172,0
177,0.800000,0.666667,3.888889,-0.000000,-2.107244,0
178,0.800000,0.666667,4.444444,-0.000000,-2.104161,0
179,0.800000,0.666667,5.000000,-0.000000,-2.101819,0
180,0.900000,0.666667,0.000000,-0.000000,-2.555992,0
181,0.900000,0.666667,0.555556,-0.000000,-2.555992,0
182,0.900000,0.666667,1.111111,-0.000000,-2.513351,0
183,0.900000,0.666667,1.666667,-0.000000,-2.507377,0
184,0.900000,0.666667,2.222222,-0.000000,-2.512684,0
185,0.900000,0.666667,2.777778,-0.000000,-2.505139,0
186,0.900000,0.666667,3.333333,-0.000000,-2.499712,0
187,0.900000,0.666667,3.888889,-0.000000,-2.494935,0
188,0.900000,0.666667,4.444444,-0.000000,-2.570151,0
189,0.900000,0.666667,5.000000,-0.000000,-2.570151,0
190,1.000000,0.666667,0.000000,-0.000000,-2.923355,0
191,1.000000,0.666667,0.555556,-0.000000,-2.923355,0
192,1.000000,0.666667,1.111111,-0.000000,-2.912928,0
193,1.000000,0.666667,1.666667,-0.000000,-2.905720,0
194,1.000000,0.666667,2.222222,-0.000000,-2.789012,0
195,1.000000,0.666667,2.777778,-0.000000,-2.785528,0
196,1.000000,0.666667,3.333333,-0.000000,-2.649394,0
197,1.000000,0.666667,3.888889,-0.000000,-2.921208,0
198,1.000000,0.666667,4.444444,-0.000000,-2.921208,0
199,1.000000,0.666667,5.000000,-0.000000,-2.921208,0
200,0.100000,0.833333,0.000000,-0.000016,-0.636001,0
201,0.100000,0.833333,0.555556,-0.000029,-0.623286,0
202,0.100000,0.833333,1.111111,-0.000072,-0.598998,0
203,0.100000,0.833333,1.666667,-0.000109,-0.584547,0
204,0.100000,0.833333,2.222222,-0.000265,-0.542018,0
205,0.100000,0.833333,2.777778,-0.000403,-0.567142,0
206,0.100000,0.833333,3.333333,-0.000567,-0.543839,0
207,0.100000,0.833333,3.888889,-0.000549,-0.543839,0
208,0.100000,0.833333,4.444444,-0.000532,-0.543839,0
209,0.100000,0.833333,5.000000,-0.000515,-0.543839,0
210,0.200000,0.833333,0.000000,-0.000531,-0.877726,0
211,0.200000,0.833333,0.555556,-0.001206,-0.850035,0
212,0.200000,0.833333,1.111111,-0.003398,-0.846276,0
213,0.200000,0.833333,1.666667,-0.007381,-0.832763,0
214,0.200000,0.833333,2.222222,-0.020416,-0.826415,0
215,0.200000,0.833333,2.777778,-0.041046,-0.792477,0
216,0.200000,0.833333,3.333333,-0.066313,-0.807205,0
217,0.200000,0.833333,3.888889,-0.066871,-0.807205,0
218,0.200000,0.833333,4.444444,-0.067443,-0.807205,0
219,0.200000,0.833333,5.000000,-0.068021,-0.807205,0
220,0.300000,0.833333,0.000000,-0.019321,-1.069195,0
221,0.300000,0.833333,0.555556,-0.046760,-1.069109,0
222,0.300000,0.833333,1.111111,-0.184961,-1.066931,0
223,0.300000,0.833333,1.666667,-0.454516,-0.298782,0
224,0.300000,0.833333,2.222222,-0.296318,-0.007696,0
225,0.300000,0.833333,2.777778,-0.440509,-1.284037,0
226,0.300000,0.833333,3.333333,-0.594228,-0.142718,0
227,0.300000,0.833333,3.888889,-0.878628,-1.059857,1
228,0.300000,0.833333,4.444444,-0.889200,-1.053071,1
229,0.300000,0.833333,5.000000,-0.039797,-1.053071,0
230,0.400000,0.833333,0.000000,-0.410894,-0.460029,0
231,0.400000,0.833333,0.555556,-0.234634,-0.014737,0
232,0.400000,0.833333,1.111111,-0.651017,-2.431632,1
233,0.400000,0.833333,1.666667,-0.468034,-0.125648,0
234,0.400000,0.833333,2.222222,-0.465945,-0.013492,0
235,0.400000,0.833333,2.777778,-0.938771,-1.318540,1
236,0.400000,0.833333,3.333333,-0.048621,-1.318540,0
237,0.400000,0.833333,3.888889,-0.000124,-1.307288,0
238,0.400000,0.833333,4.444444,-0.000000,-1.297354,0
239,0.400000,0.833333,5.000000,-0.000000,-1.285953,0
240,0.500000,0.833333,0.000000,-0.618178,-3.204899,1
241,0.500000,0.833333,0.555556,-0.390079,-0.230684,0
242,0.500000,0.833333,1.111111,-0.425471,-0.013733,0
243,0.500000,0.833333,1.666667,-0.939306,-1.570062,1
244,0.500000,0.833333,2.222222,-0.060255,-1.569559,0
245,0.500000,0.833333,2.777778,-0.000189,-1.573928,0
246,0.500000,0.833333,3.333333,-0.000000,-1.566314,0
247,0.500000,0.833333,3.888889,-0.000000,-1.565264,0
248,0.500000,0.833333,4.444444,-0.000000,-1.569409,0
249,0.500000,0.833333,5.000000,-0.000000,-1.502782,0
250,0.600000,0.833333,0.000000,-0.339510,-0.073643,0
251,0.600000,0.833333,0.555556,-0.752920,-2.730675,1
252,0.600000,0.833333,1.111111,-0.732766,-1.809628,1
253,0.600000,0.833333,1.666667,-0.021045,-1.809534,0
254,0.600000,0.833333,2.222222,-0.000008,-1.809567,0
255,0.600000,0.833333,2.777778,-0.000000,-1.808693,0
256,0.600000,0.833333,3.333333,-0.000000,-1.813604,0
257,0.600000,0.833333,3.888889,-0.000000,-1.776951,0
258,0.600000,0.833333,4.444444,-0.000000,-1.764255,0
259,0.600000,0.833333,5.000000,-0.000000,-1.686267,0
260,0.700000,0.833333,0.000000,-0.843141,-2.865221,1
261,0.700000,0.833333,0.555556,-0.437954,-2.005051,0
262,0.700000,0.833333,1.111111,-0.003348,-2.005051,0
263,0.700000,0.833333,1.666667,-0.000001,-2.013894,0
264,0.700000,0.833333,2.222222,-0.000000,-2.010068,0
265,0.700000,0.833333,2.777778,-0.000000,-2.022418,0
266,0.700000,0.833333,3.333333,-0.000000,-2.013022,0
267,0.700000,0.833333,3.888889,-0.000000,-1.913507,0
268,0.700000,0.833333,4.444444,-0.000000,-1.910686,0
269,0.700000,0.833333,5.000000,-0.000000,-1.907912,0
270,0.800000,0.833333,0.000000,-0.601449,-2.180010,1
271,0.800000,0.833333,0.555556,-0.011308,-2.178393,0
272,0.800000,0.833333,1.111111,-0.000003,-2.173708,0
273,0.800000,0.833333,1.666667,-0.000000,-2.166503,0
274,0.800000,0.833333,2.222222,-0.000000,-2.234523,0
275,0.800000,0.833333,2.777778,-0.000000,-2.132749,0
276,0.800000,0.833333,3.333333,-0.000000,-2.111172,0
277,0.800000,0.833333,3.888889,-0.000000,-2.104161,0
278,0.800000,0.833333,4.444444,-0.000000,-2.099535,0
279,0.800000,0.833333,5.000000,-0.000000,-2.094360,0
280,0.900000,0.833333,0.000000,-0.015746,-2.555992,0
281,0.900000,0.833333,0.555556,-0.000005,-2.555992,0
282,0.900000,0.833333,1.111111,-0.000000,-2.518208,0
283,0.900000,0.833333,1.666667,-0.000000,-2.506094,0
284,0.900000,0.833333,2.222222,-0.000000,-2.520147,0
285,0.900000,0.833333,2.777778,-0.000000,-2.502085,0
286,0.900000,0.833333,3.333333,-0.000000,-2.491164,0
287,0.900000,0.833333,3.888889,-0.000000,-2.483099,0
288,0.900000,0.833333,4.444444,-0.000000,-2.570151,0
289,0.900000,0.833333,5.000000,-0.000000,-2.570151,0
290,1.000000,0.833333,0.000000,-0.000316,-2.925501,0
291,1.000000,0.833333,0.555556,-0.000000,-2.923355,0
292,1.000000,0.833333,1.111111,-0.000000,-2.911003,0
293,1.000000,0.833333,1.666667,-0.000000,-2.848558,0
294,1.000000,0.833333,2.222222,-0.000000,-2.787890,0
295,1.000000,0.833333,2.777778,-0.000000,-2.649394,0
296,1.000000,0.833333,3.333333,-0.000000,-2.649394,0
297,1.000000,0.833333,3.888889,-0.000000,-2.921208,0
298,1.000000,0.833333,4.444444,-0.000000,-2.921208,0
299,1.000000,0.833333,5.000000,-0.000000,-2.921208,0
300,0.100000,1.000000,0.000000,-0.000004,-0.690862,0
301,0.100000,1.000000,0.555556,-0.000008,-0.658180,0
302,0.100000,1.000000,1.111111,-0.000017,-0.635541,0
303,0.100000,1.000000,1.666667,-0.000031,-0.623582,0
304,0.100000,1.000000,2.222222,-0.000073,-0.598998,0
305,0.100000,1.000000,2.777778,-0.000114,-0.582087,0
306,0.100000,1.000000,3.333333,-0.000263,-0.541996,0
307,0.100000,1.000000,3.888889,-0.000413,-0.567342,0
308,0.100000,1.000000,4.444444,-0.000563,-0.543839,0
309,0.100000,1.000000,5.000000,-0.000542,-0.543839,0
310,0.200000,1.000000,0.000000,-0.000069,-0.915380,0
311,0.200000,1.000000,0.555556,-0.000152,-0.907543,0
312,0.200000,1.000000,1.111111,-0.000539,-0.877726,0
313,0.200000,1.000000,1.666667,-0.001088,-0.857373,0
314,0.200000,1.000000,2.222222,-0.003458,-0.846276,0
315,0.200000,1.000000,2.777778,-0.007089,-0.843257,0
316,0.200000,1.000000,3.333333,-0.020823,-0.826415,0
317,0.200000,1.000000,3.888889,-0.044155,-0.794197,0
318,0.200000,1.000000,4.444444,-0.066416,-0.807205,0
319,0.200000,1.000000,5.000000,-0.067099,-0.807205,0
320,0.300000,1.000000,0.000000,-0.001697,-1.099924,0
321,0.300000,1.000000,0.555556,-0.004748,-1.097569,0
322,0.300000,1.000000,1.111111,-0.019419,-1.069099,0
323,0.300000,1.000000,1.666667,-0.049919,-1.066866,0
324,0.300000,1.000000,2.222222,-0.189042,-1.066931,0
325,0.300000,1.000000,2.777778,-0.453379,-0.024950,0
326,0.300000,1.000000,3.333333,-0.303620,-0.001712,0
327,0.300000,1.000000,3.888889,-0.446018,-1.130746,0
328,0.300000,1.000000,4.444444,-0.602393,-0.119910,1
329,0.300000,1.000000,5.000000,-0.992599,-1.051845,1
330,0.400000,1.000000,0.000000,-0.027446,-1.348146,0
331,0.400000,1.000000,0.555556,-0.137276,-1.324905,0
332,0.400000,1.000000,1.111111,-0.408097,-0.273321,0
333,0.400000,1.000000,1.666667,-0.241887,-0.003091,0
334,0.400000,1.000000,2.222222,-0.650406,-2.431632,1
335,0.400000,1.000000,2.777778,-0.468103,-0.001283,0
336,0.400000,1.000000,3.333333,-0.998132,-1.318540,1
337,0.400000,1.000000,3.888889,-0.058365,-1.318540,0
338,0.400000,1.000000,4.444444,-0.000118,-1.301672,0
339,0.400000,1.000000,5.000000,-0.000000,-1.303802,0
340,0.500000,1.000000,0.000000,-0.217021,-0.056679,0
341,0.500000,1.000000,0.555556,-0.197958,-0.041131,0
342,0.500000,1.000000,1.111111,-0.593108,-3.201665,0
343,0.500000,1.000000,1.666667,-0.412493,-0.016253,0
344,0.500000,1.000000,2.222222,-0.991309,-1.570062,1
345,0.500000,1.000000,2.777778,-0.074365,-1.569559,0
346,0.500000,1.000000,3.333333,-0.000116,-1.569767,0
347,0.500000,1.000000,3.888889,-0.000000,-1.576785,0
348,0.500000,1.000000,4.444444,-0.000000,-1.570819,0
349,0.500000,1.000000,5.000000,-0.000000,-1.564948,0
350,0.600000,1.000000,0.000000,-0.147506,-0.179941,0
351,0.600000,1.000000,0.555556,-0.476016,-0.532225,0
352,0.600000,1.000000,1.111111,-0.349251,-0.023526,0
353,0.600000,1.000000,1.666667,-0.907105,-1.809628,1
354,0.600000,1.000000,2.222222,-0.016375,-1.809534,0
355,0.600000,1.000000,2.777778,-0.000001,-1.811091,0
356,0.600000,1.000000,3.333333,-0.000000,-1.807010,0
357,0.600000,1.000000,3.888889,-0.000000,-1.814841,0
358,0.600000,1.000000,4.444444,-0.000000,-1.766361,0
359,0.600000,1.000000,5.000000,-0.000000,-1.687525,0
360,0.700000,1.000000,0.000000,-0.338437,-0.075474,0
361,0.700000,1.000000,0.555556,-0.348205,-0.097820,0
362,0.700000,1.000000,1.111111,-0.830672,-2.765404,1
363,0.700000,1.000000,1.666667,-0.002340,-2.005051,0
364,0.700000,1.000000,2.222222,-0.000000,-2.010395,0
365,0.700000,1.000000,2.777778,-0.000000,-2.027182,0
366,0.700000,1.000000,3.333333,-0.000000,-2.015299,0
367,0.700000,1.000000,3.888889,-0.000000,-1.922643,0
368,0.700000,1.000000,4.444444,-0.000000,-1.910686,0
369,0.700000,1.000000,5.000000,-0.000000,-1.907912,0
370,0.800000,1.000000,0.000000,-0.278941,-0.065263,0
371,0.800000,1.000000,0.555556,-0.792851,-2.180010,1
372,0.800000,1.000000,1.111111,-0.008094,-2.178393,0
373,0.800000,1.000000,1.666667,-0.000000,-2.167432,0
374,0.800000,1.000000,2.222222,-0.000000,-2.226872,0
375,0.800000,1.000000,2.777778,-0.000000,-2.246403,0
376,0.800000,1.000000,3.333333,-0.000000,-2.117035,0
377,0.800000,1.000000,3.888889,-0.000000,-2.101819,0
378,0.800000,1.000000,4.444444,-0.000000,-2.092059,0
379,0.800000,1.000000,5.000000,-0.000000,-2.087245,0
380,0.900000,1.000000,0.000000,-0.633934,-3.577984,1
381,0.900000,1.000000,0.555556,-0.015122,-2.555992,0
382,0.900000,1.000000,1.111111,-0.000000,-2.555992,0
383,0.900000,1.000000,1.666667,-0.000000,-2.507377,0
384,0.900000,1.000000,2.222222,-0.000000,-2.460092,0
385,0.900000,1.000000,2.777778,-0.000000,-2.502085,0
386,0.900000,1.000000,3.333333,-0.000000,-2.483099,0
387,0.900000,1.000000,3.888889,-0.000000,-2.388559,0
388,0.900000,1.000000,4.444444,-0.000000,-2.379000,0
389,0.900000,1.000000,5.000000,-0.000000,-2.570151,0
390,1.000000,1.000000,0.000000,-0.981932,-2.137603,1
391,1.000000,1.000000,0.555556,-0.000104,-2.925501,0
392,1.000000,1.000000,1.111111,-0.000000,-2.911003,0
393,1.000000,1.000000,1.666667,-0.000000,-2.848558,0
394,1.000000,1.000000,2.222222,-0.000000,-2.785528,0
395,1.000000,1.000000,2.777778,-0.000000,-2.654344,0
396,1.000000,1.000000,3.333333,-0.000000,-2.649394,0
397,1.000000,1.000000,3.888889,-0.000000,-2.644994,0
398,1.000000,1.000000,4.444444,-0.000000,-2.921208,0
399,1.000000,1.000000,5.000000,-0.000000,-2.921208,0
400,0.100000,1.166667,0.000000,-0.000001,-0.745356,0
401,0.100000,1.166667,0.555556,-0.000003,-0.707897,0
402,0.100000,1.166667,1.111111,-0.000006,-0.668927,0
403,0.100000,1.166667,1.666667,-0.000013,-0.641671,0
404,0.100000,1.166667,2.222222,-0.000025,-0.627165,0
405,0.100000,1.166667,2.777778,-0.000057,-0.602825,0
406,0.100000,1.166667,3.333333,-0.000097,-0.593915,0
407,0.100000,1.166667,3.888889,-0.000185,-0.569748,0
408,0.100000,1.166667,4.444444,-0.000352,-0.559685,0
409,0.100000,1.166667,5.000000,-0.000556,-0.545451,0
410,0.200000,1.166667,0.000000,-0.000016,-0.938302,0
411,0.200000,1.166667,0.555556,-0.000046,-0.919817,0
412,0.200000,1.166667,1.111111,-0.000116,-0.914522,0
413,0.200000,1.166667,1.666667,-0.000388,-0.877622,0
414,0.200000,1.166667,2.222222,-0.000822,-0.869989,0
415,0.200000,1.166667,2.777778,-0.002570,-0.835027,0
416,0.200000,1.166667,3.333333,-0.005331,-0.840421,0
417,0.200000,1.166667,3.888889,-0.015361,-0.810533,0
418,0.200000,1.166667,4.444444,-0.032976,-0.806168,0
419,0.200000,1.166667,5.000000,-0.066208,-0.807205,0
420,0.300000,1.166667,0.000000,-0.000302,-1.134899,0
421,0.300000,1.166667,0.555556,-0.000803,-1.114605,0
422,0.300000,1.166667,1.111111,-0.003471,-1.096676,0
423,0.300000,1.166667,1.666667,-0.010595,-1.089296,0
424,0.300000,1.166667,2.222222,-0.035135,-1.082906,0
425,0.300000,1.166667,2.777778,-0.122270,-1.064223,0
426,0.300000,1.166667,3.333333,-0.366908,-1.058850,0
427,0.300000,1.166667,3.888889,-0.296318,-0.050071,0
428,0.300000,1.166667,4.444444,-0.349306,-0.197146,0
429,0.300000,1.166667,5.000000,-0.780483,-1.065573,1
430,0.400000,1.166667,0.000000,-0.003336,-1.364337,0
431,0.400000,1.166667,0.555556,-0.017819,-1.350096,0
432,0.400000,1.166667,1.111111,-0.074744,-1.337940,0
433,0.400000,1.166667,1.666667,-0.301868,-1.325540,0
434,0.400000,1.166667,2.222222,-0.234634,-0.061600,0
435,0.400000,1.166667,2.777778,-0.261468,-0.899113,0
436,0.400000,1.166667,3.333333,-0.558491,-0.057853,0
437,0.400000,1.166667,3.888889,-0.953616,-1.318540,1
438,0.400000,1.166667,4.444444,-0.005231,-1.312675,0
439,0.400000,1.166667,5.000000,-0.000012,-1.296714,0
440,0.500000,1.166667,0.000000,-0.045496,-1.579438,0
441,0.500000,1.166667,0.555556,-0.209894,-1.572348,0
442,0.500000,1.166667,1.111111,-0.197937,-0.079577,0
443,0.500000,1.166667,1.666667,-0.197407,-0.314188,0
444,0.500000,1.166667,2.222222,-0.474168,-0.126157,0
445,0.500000,1.166667,2.777778,-0.960327,-1.570062,1
446,0.500000,1.166667,3.333333,-0.012021,-1.580715,0
447,0.500000,1.166667,3.888889,-0.000005,-1.567080,0
448,0.500000,1.166667,4.444444,-0.000000,-1.565264,0
449,0.500000,1.166667,5.000000,-0.000000,-1.570405,0
450,0.600000,1.166667,0.000000,-0.144034,-0.229372,0
451,0.600000,1.166667,0.555556,-0.147082,-0.179941,0
452,0.600000,1.166667,1.111111,-0.397937,-3.228188,0
453,0.600000,1.166667,1.666667,-0.361824,-0.023521,0
454,0.600000,1.166667,2.222222,-0.600860,-1.809628,1
455,0.600000,1.166667,2.777778,-0.000770,-1.809735,0
456,0.600000,1.166667,3.333333,-0.000000,-1.808693,0
457,0.600000,1.166667,3.888889,-0.000000,-1.814990,0
458,0.600000,1.166667,4.444444,-0.000000,-1.780973,0
459,0.600000,1.166667,5.000000,-0.000000,-1.691748,0
460,0.700000,1.166667,0.000000,-0.113420,-0.066472,0
461,0.700000,1.166667,0.555556,-0.576477,-3.805635,0
462,0.700000,1.166667,1.111111,-0.337636,-0.107787,0
463,0.700000,1.166667,1.666667,-0.280323,-2.005051,0
464,0.700000,1.166667,2.222222,-0.000080,-2.016638,0
465,0.700000,1.166667,2.777778,-0.000000,-2.013893,0
466,0.700000,1.166667,3.333333,-0.000000,-2.020015,0
467,0.700000,1.166667,3.888889,-0.000000,-2.012273,0
468,0.700000,1.166667,4.444444,-0.000000,-1.913507,0
469,0.700000,1.166667,5.000000,-0.000000,-1.907912,0
470,0.800000,1.166667,0.000000,-0.575014,-4.269699,0
471,0.800000,1.166667,0.555556,-0.278205,-0.085488,0
472,0.800000,1.166667,1.111111,-0.456612,-2.178393,0
473,0.800000,1.166667,1.666667,-0.000288,-2.172262,0
474,0.800000,1.166667,2.222222,-0.000000,-2.208327,0
475,0.800000,1.166667,2.777778,-0.000000,-2.247517,0
476,0.800000,1.166667,3.333333,-0.000000,-2.132749,0
477,0.800000,1.166667,3.888889,-0.000000,-2.099535,0
478,0.800000,1.166667,4.444444,-0.000000,-2.089696,0
479,0.800000,1.166667,5.000000,-0.000000,-2.080716,0
480,0.900000,1.166667,0.000000,-0.212841,-0.045422,0
481,0.900000,1.166667,0.555556,-0.301942,-0.007655,0
482,0.900000,1.166667,1.111111,-0.000605,-2.555992,0
483,0.900000,1.166667,1.666667,-0.000000,-2.511763,0
484,0.900000,1.166667,2.222222,-0.000000,-2.463526,0
485,0.900000,1.166667,2.777778,-0.000000,-2.507589,0
486,0.900000,1.166667,3.333333,-0.000000,-2.470985,0
487,0.900000,1.166667,3.888889,-0.000000,-2.383706,0
488,0.900000,1.166667,4.444444,-0.000000,-2.379000,0
489,0.900000,1.166667,5.000000,-0.000000,-2.570151,0
490,1.000000,1.166667,0.000000,-0.156134,-0.080837,0
491,1.000000,1.166667,0.555556,-0.036731,-2.925501,0
492,1.000000,1.166667,1.111111,-0.000000,-2.914922,0
493,1.000000,1.166667,1.666667,-0.000000,-2.853072,0
494,1.000000,1.166667,2.222222,-0.000000,-2.789012,0
495,1.000000,1.166667,2.777778,-0.000000,-2.654344,0
496,1.000000,1.166667,3.333333,-0.000000,-2.649394,0
497,1.000000,1.166667,3.888889,-0.000000,-2.644994,0
498,1.000000,1.166667,4.444444,-0.000000,-2.921208,0
499,1.000000,1.166667,5.000000,-0.000000,-2.921208,0
500,0.100000,1.333333,0.000000,-0.000001,-0.771568,0
501,0.100000,1.333333,0.555556,-0.000001,-0.746120,0
502,0.100000,1.333333,1.111111,-0.000003,-0.707897,0
503,0.100000,1.333333,1.666667,-0.000006,-0.670089,0
504,0.100000,1.333333,2.222222,-0.000013,-0.642066,0
505,0.100000,1.333333,2.777778,-0.000025,-0.627165,0
506,0.100000,1.333333,3.333333,-0.000056,-0.602986,0
507,0.100000,1.333333,3.888889,-0.000097,-0.593915,0
508,0.100000,1.333333,4.444444,-0.000182,-0.573601,0
509,0.100000,1.333333,5.000000,-0.000351,-0.559685,0
510,0.200000,1.333333,0.000000,-0.000006,-0.970138,0
511,0.200000,1.333333,0.555556,-0.000016,-0.939156,0
512,0.200000,1.333333,1.111111,-0.000046,-0.920101,0
513,0.200000,1.333333,1.666667,-0.000116,-0.914939,0
514,0.200000,1.333333,2.222222,-0.000379,-0.878871,0
515,0.200000,1.333333,2.777778,-0.000824,-0.869989,0
516,0.200000,1.333333,3.333333,-0.002521,-0.835186,0
517,0.200000,1.333333,3.888889,-0.005344,-0.840421,0
518,0.200000,1.333333,4.444444,-0.015112,-0.810384,0
519,0.200000,1.333333,5.000000,-0.033470,-0.804622,0
520,0.300000,1.333333,0.000000,-0.000076,-1.163911,0
521,0.300000,1.333333,0.555556,-0.000291,-1.135262,0
522,0.300000,1.333333,1.111111,-0.000823,-1.114342,0
523,0.300000,1.333333,1.666667,-0.003391,-1.096166,0
524,0.300000,1.333333,2.222222,-0.010302,-1.089982,0
525,0.300000,1.333333,2.777778,-0.034657,-1.083083,0
526,0.300000,1.333333,3.333333,-0.120217,-1.066792,0
527,0.300000,1.333333,3.888889,-0.361993,-1.061339,0
528,0.300000,1.333333,4.444444,-0.303621,-0.050071,0
529,0.300000,1.333333,5.000000,-0.418157,-0.062016,0
530,0.400000,1.333333,0.000000,-0.000882,-1.381619,0
531,0.400000,1.333333,0.555556,-0.003308,-1.365066,0
532,0.400000,1.333333,1.111111,-0.017583,-1.349852,0
533,0.400000,1.333333,1.666667,-0.070337,-1.341399,0
534,0.400000,1.333333,2.222222,-0.303321,-1.325540,0
535,0.400000,1.333333,2.777778,-0.241898,-0.063584,0
536,0.400000,1.333333,3.333333,-0.296880,-0.261418,0
537,0.400000,1.333333,3.888889,-0.936048,-1.320812,1
538,0.400000,1.333333,4.444444,-0.244352,-1.318540,0
539,0.400000,1.333333,5.000000,-0.000429,-1.301672,0
540,0.500000,1.333333,0.000000,-0.007443,-1.595159,0
541,0.500000,1.333333,0.555556,-0.042188,-1.581743,0
542,0.500000,1.333333,1.111111,-0.210370,-1.572793,0
543,0.500000,1.333333,1.666667,-0.197962,-0.079577,0
544,0.500000,1.333333,2.222222,-0.215046,-0.243104,0
545,0.500000,1.333333,2.777778,-0.489215,-0.116655,0
546,0.500000,1.333333,3.333333,-0.302682,-1.570062,0
547,0.500000,1.333333,3.888889,-0.000398,-1.567466,0
548,0.500000,1.333333,4.444444,-0.000000,-1.576480,0
549,0.500000,1.333333,5.000000,-0.000000,-1.565385,0
550,0.600000,1.333333,0.000000,-0.052476,-1.812902,0
551,0.600000,1.333333,0.555556,-0.144148,-0.229372,0
552,0.600000,1.333333,1.111111,-0.147740,-0.179941,0
553,0.600000,1.333333,1.666667,-0.348075,-2.690060,0
554,0.600000,1.333333,2.222222,-0.997122,-1.809628,1
555,0.600000,1.333333,2.777778,-0.061725,-1.809534,0
556,0.600000,1.333333,3.333333,-0.000001,-1.819148,0
557,0.600000,1.333333,3.888889,-0.000000,-1.813650,0
558,0.600000,1.333333,4.444444,-0.000000,-1.807218,0
559,0.600000,1.333333,5.000000,-0.000000,-1.758395,0
560,0.700000,1.333333,0.000000,-0.190337,-0.072233,0
561,0.700000,1.333333,0.555556,-0.113559,-0.146125,0
562,0.700000,1.333333,1.111111,-0.467519,-3.729145,0
563,0.700000,1.333333,1.666667,-0.351304,-0.117195,0
564,0.700000,1.333333,2.222222,-0.007427,-2.005051,0
565,0.700000,1.333333,2.777778,-0.000000,-2.010352,0
566,0.700000,1.333333,3.333333,-0.000000,-2.021450,0
567,0.700000,1.333333,3.888889,-0.000000,-2.012932,0
568,0.700000,1.333333,4.444444,-0.000000,-1.916350,0
569,0.700000,1.333333,5.000000,-0.000000,-1.907912,0
570,0.800000,1.333333,0.000000,-0.081485,-0.029463,0
571,0.800000,1.333333,0.555556,-0.469637,-4.135227,0
572,0.800000,1.333333,1.111111,-0.305640,-0.060258,0
573,0.800000,1.333333,1.666667,-0.030272,-2.178393,0
574,0.800000,1.333333,2.222222,-0.000000,-2.172714,0
575,0.800000,1.333333,2.777778,-0.000000,-2.267157,0
576,0.800000,1.333333,3.333333,-0.000000,-2.176584,0
577,0.800000,1.333333,3.888889,-0.000000,-2.101819,0
578,0.800000,1.333333,4.444444,-0.000000,-2.084690,0
579,0.800000,1.333333,5.000000,-0.000000,-2.077269,0
580,0.900000,1.333333,0.000000,-0.217936,-4.579019,0
581,0.900000,1.333333,0.555556,-0.237753,-0.055249,0
582,0.900000,1.333333,1.111111,-0.060143,-2.555992,0
583,0.900000,1.333333,1.666667,-0.000000,-2.519783,0
584,0.900000,1.333333,2.222222,-0.000000,-2.466655,0
585,0.900000,1.333333,2.777778,-0.000000,-2.520147,0
586,0.900000,1.333333,3.333333,-0.000000,-2.457266,0
587,0.900000,1.333333,3.888889,-0.000000,-2.383706,0
588,0.900000,1.333333,4.444444,-0.000000,-2.379000,0
589,0.900000,1.333333,5.000000,-0.000000,-2.570151,0
590,1.000000,1.333333,0.000000,-0.165463,-0.170925,0
591,1.000000,1.333333,0.555556,-0.248912,-0.083979,0
592,1.000000,1.333333,1.111111,-0.000119,-2.923355,0
593,1.000000,1.333333,1.666667,-0.000000,-2.859603,0
594,1.000000,1.333333,2.222222,-0.000000,-2.793644,0
595,1.000000,1.333333,2.777778,-0.000000,-2.654344,0
596,1.000000,1.333333,3.333333,-0.000000,-2.649394,0
597,1.000000,1.333333,3.888889,-0.000000,-2.644994,0
598,1.000000,1.333333,4.444444,-0.000000,-2.921208,0
599,1.000000,1.333333,5.000000,-0.000000,-2.921208,0
600,0.100000,1.500000,0.000000,-0.000000,-0.798175,0
601,0.100000,1.500000,0.555556,-0.000001,-0.764703,0
602,0.100000,1.500000,1.111111,-0.000002,-0.741330,0
603,0.100000,1.500000,1.666667,-0.000003,-0.698305,0
604,0.100000,1.500000,2.222222,-0.000007,-0.662284,0
605,0.100000,1.500000,2.777778,-0.000015,-0.637849,0
606,0.100000,1.500000,3.333333,-0.000029,-0.623518,0
607,0.100000,1.500000,3.888889,-0.000064,-0.599264,0
608,0.100000,1.500000,4.444444,-0.000111,-0.584547,0
609,0.100000,1.500000,5.000000,-0.000226,-0.554760,0
610,0.200000,1.500000,0.000000,-0.000002,-0.999151,0
611,0.200000,1.500000,0.555556,-0.000007,-0.962003,0
612,0.200000,1.500000,1.111111,-0.000021,-0.933864,0
613,0.200000,1.500000,1.666667,-0.000059,-0.916690,0
614,0.200000,1.500000,2.222222,-0.000144,-0.909474,0
615,0.200000,1.500000,2.777778,-0.000461,-0.875894,0
616,0.200000,1.500000,3.333333,-0.001013,-0.857327,0
617,0.200000,1.500000,3.888889,-0.002999,-0.838448,0
618,0.200000,1.500000,4.444444,-0.006639,-0.825014,0
619,0.200000,1.500000,5.000000,-0.018305,-0.818515,0
620,0.300000,1.500000,0.000000,-0.000028,-1.186888,0
621,0.300000,1.500000,0.555556,-0.000100,-1.159001,0
622,0.300000,1.500000,1.111111,-0.000384,-1.132755,0
623,0.300000,1.500000,1.666667,-0.001112,-1.113026,0
624,0.300000,1.500000,2.222222,-0.004276,-1.099052,0
625,0.300000,1.500000,2.777778,-0.014889,-1.080494,0
626,0.300000,1.500000,3.333333,-0.044835,-1.075406,0
627,0.300000,1.500000,3.888889,-0.153926,-1.058428,0
628,0.300000,1.500000,4.444444,-0.488977,-1.053235,0
629,0.300000,1.500000,5.000000,-0.296265,-0.007696,0
630,0.400000,1.500000,0.000000,-0.000245,-1.394594,0
631,0.400000,1.500000,0.555556,-0.001266,-1.377656,0
632,0.400000,1.500000,1.111111,-0.004616,-1.358961,0
633,0.400000,1.500000,1.666667,-0.023047,-1.351600,0
634,0.400000,1.500000,2.222222,-0.105982,-1.327145,0
635,0.400000,1.500000,2.777778,-0.423522,-1.313254,0
636,0.400000,1.500000,3.333333,-0.241875,-0.018675,0
637,0.400000,1.500000,3.888889,-0.379082,-0.556572,0
638,0.400000,1.500000,4.444444,-0.986866,-1.318540,1
639,0.400000,1.500000,5.000000,-0.003840,-1.315994,0
640,0.500000,1.500000,0.000000,-0.001700,-1.602123,0
641,0.500000,1.500000,0.555556,-0.010097,-1.595343,0
642,0.500000,1.500000,1.111111,-0.063410,-1.577016,0
643,0.500000,1.500000,1.666667,-0.326820,-1.579913,0
644,0.500000,1.500000,2.222222,-0.197975,-0.053534,0
645,0.500000,1.500000,2.777778,-0.278439,-0.782360,0
646,0.500000,1.500000,3.333333,-0.981324,-1.570062,1
647,0.500000,1.500000,3.888889,-0.007046,-1.576067,0
648,0.500000,1.500000,4.444444,-0.000001,-1.565117,0
649,0.500000,1.500000,5.000000,-0.000000,-1.570819,0
650,0.600000,1.500000,0.000000,-0.013596,-1.813919,0
651,0.600000,1.500000,0.555556,-0.082167,-1.815408,0
652,0.600000,1.500000,1.111111,-0.150160,-0.228197,0
653,0.600000,1.500000,1.666667,-0.144194,-0.062249,0
654,0.600000,1.500000,2.222222,-0.669556,-3.302001,1
655,0.600000,1.500000,2.777778,-0.576789,-1.809534,0
656,0.600000,1.500000,3.333333,-0.000036,-1.818346,0
657,0.600000,1.500000,3.888889,-0.000000,-1.810496,0
658,0.600000,1.500000,4.444444,-0.000000,-1.807426,0
659,0.600000,1.500000,5.000000,-0.000000,-1.764255,0
660,0.700000,1.500000,0.000000,-0.089774,-2.004686,0
661,0.700000,1.500000,0.555556,-0.113208,-0.066472,0
662,0.700000,1.500000,1.111111,-0.114014,-0.146125,0
663,0.700000,1.500000,1.666667,-0.485534,-1.056389,0
664,0.700000,1.500000,2.222222,-0.196939,-2.005051,0
665,0.700000,1.500000,2.777778,-0.000021,-2.010395,0
666,0.700000,1.500000,3.333333,-0.000000,-2.027127,0
667,0.700000,1.500000,3.888889,-0.000000,-2.015299,0
668,0.700000,1.500000,4.444444,-0.000000,-1.925390,0
669,0.700000,1.500000,5.000000,-0.000000,-1.907912,0
670,0.800000,1.500000,0.000000,-0.084929,-0.065679,0
671,0.800000,1.500000,0.555556,-0.081780,-0.099268,0
672,0.800000,1.500000,1.111111,-0.446309,-1.150993,0
673,0.800000,1.500000,1.666667,-0.413318,-2.178393,0
674,0.800000,1.500000,2.222222,-0.000011,-2.163283,0
675,0.800000,1.500000,2.777778,-0.000000,-2.244861,0
676,0.800000,1.500000,3.333333,-0.000000,-2.232708,0
677,0.800000,1.500000,3.888889,-0.000000,-2.104161,0
678,0.800000,1.500000,4.444444,-0.000000,-2.084690,0
679,0.800000,1.500000,5.000000,-0.000000,-2.073699,0
680,0.900000,1.500000,0.000000,-0.043602,-0.080540,0
681,0.900000,1.500000,0.555556,-0.348897,-3.027466,0
682,0.900000,1.500000,1.111111,-0.301933,-0.030293,0
683,0.900000,1.500000,1.666667,-0.000021,-2.530278,0
684,0.900000,1.500000,2.222222,-0.000000,-2.479479,0
685,0.900000,1.500000,2.777778,-0.000000,-2.536416,0
686,0.900000,1.500000,3.333333,-0.000000,-2.452599,0
687,0.900000,1.500000,3.888889,-0.000000,-2.383706,0
688,0.900000,1.500000,4.444444,-0.000000,-2.379000,0
689,0.900000,1.500000,5.000000,-0.000000,-2.570151,0
690,1.000000,1.500000,0.000000,-0.085464,-4.381703,0
691,1.000000,1.500000,0.555556,-0.148041,-0.158575,0
692,1.000000,1.500000,1.111111,-0.008059,-2.925501,0
693,1.000000,1.500000,1.666667,-0.000000,-2.897446,0
694,1.000000,1.500000,2.222222,-0.000000,-2.806435,0
695,1.000000,1.500000,2.777778,-0.000000,-2.658567,0
696,1.000000,1.500000,3.333333,-0.000000,-2.644994,0
697,1.000000,1.500000,3.888889,-0.000000,-2.644994,0
698,1.000000,1.500000,4.444444,-0.000000,-2.921208,0
699,1.000000,1.500000,5.000000,-0.000000,-2.921208,0
700,0.100000,1.666667,0.000000,-0.000000,-0.824787,0
701,0.100000,1.666667,0.555556,-0.000000,-0.783964,0
702,0.100000,1.666667,1.111111,-0.000001,-0.754335,0
703,0.100000,1.666667,1.666667,-0.000002,-0.726434,0
704,0.100000,1.666667,2.222222,-0.000005,-0.681897,0
705,0.100000,1.666667,2.777778,-0.000010,-0.651569,0
706,0.100000,1.666667,3.333333,-0.000020,-0.632739,0
707,0.100000,1.666667,3.888889,-0.000040,-0.624266,0
708,0.100000,1.666667,4.444444,-0.000081,-0.599270,0
709,0.100000,1.666667,5.000000,-0.000141,-0.564811,0
710,0.200000,1.666667,0.000000,-0.000001,-1.009612,0
711,0.200000,1.666667,0.555556,-0.000004,-0.986488,0
712,0.200000,1.666667,1.111111,-0.000011,-0.948667,0
713,0.200000,1.666667,1.666667,-0.000031,-0.926474,0
714,0.200000,1.666667,2.222222,-0.000087,-0.916535,0
715,0.200000,1.666667,2.777778,-0.000223,-0.904959,0
716,0.200000,1.666667,3.333333,-0.000641,-0.878352,0
717,0.200000,1.666667,3.888889,-0.001619,-0.862123,0
718,0.200000,1.666667,4.444444,-0.004140,-0.850648,0
719,0.200000,1.666667,5.000000,-0.010541,-0.840377,0
720,0.300000,1.666667,0.000000,-0.000013,-1.206804,0
721,0.300000,1.666667,0.555556,-0.000047,-1.175721,0
722,0.300000,1.666667,1.111111,-0.000174,-1.145391,0
723,0.300000,1.666667,1.666667,-0.000581,-1.128462,0
724,0.300000,1.666667,2.222222,-0.002239,-1.097137,0
725,0.300000,1.666667,2.777778,-0.006395,-1.087081,0
726,0.300000,1.666667,3.333333,-0.024003,-1.072570,0
727,0.300000,1.666667,3.888889,-0.072809,-1.068016,0
728,0.300000,1.666667,4.444444,-0.243423,-1.074952,0
729,0.300000,1.666667,5.000000,-0.296317,-0.043218,0
730,0.400000,1.666667,0.000000,-0.000097,-1.404949,0
731,0.400000,1.666667,0.555556,-0.000440,-1.388992,0
732,0.400000,1.666667,1.111111,-0.002190,-1.375409,0
733,0.400000,1.666667,1.666667,-0.009898,-1.351026,0
734,0.400000,1.666667,2.222222,-0.039376,-1.336416,0
735,0.400000,1.666667,2.777778,-0.183614,-1.329380,0
736,0.400000,1.666667,3.333333,-0.234619,-0.047834,0
737,0.400000,1.666667,3.888889,-0.306398,-0.029148,0
738,0.400000,1.666667,4.444444,-0.992479,-1.318540,1
739,0.400000,1.666667,5.000000,-0.021296,-1.306138,0
740,0.500000,1.666667,0.000000,-0.000611,-1.611615,0
741,0.500000,1.666667,0.555556,-0.003915,-1.593714,0
742,0.500000,1.666667,1.111111,-0.019098,-1.583229,0
743,0.500000,1.666667,1.666667,-0.116091,-1.585891,0
744,0.500000,1.666667,2.222222,-0.197962,-0.012944,0
745,0.500000,1.666667,2.777778,-0.223611,-0.026955,0
746,0.500000,1.666667,3.333333,-0.988207,-1.570062,1
747,0.500000,1.666667,3.888889,-0.049284,-1.580465,0
748,0.500000,1.666667,4.444444,-0.000008,-1.577740,0
749,0.500000,1.666667,5.000000,-0.000000,-1.562912,0
750,0.600000,1.666667,0.000000,-0.003463,-1.818323,0
751,0.600000,1.666667,0.555556,-0.027964,-1.819939,0
752,0.600000,1.666667,1.111111,-0.208365,-1.811335,0
753,0.600000,1.666667,1.666667,-0.147303,-0.179941,0
754,0.600000,1.666667,2.222222,-0.191251,-0.062383,0
755,0.600000,1.666667,2.777778,-0.991522,-1.809628,1
756,0.600000,1.666667,3.333333,-0.001089,-1.815256,0
757,0.600000,1.666667,3.888889,-0.000000,-1.806671,0
758,0.600000,1.666667,4.444444,-0.000000,-1.816905,0
759,0.600000,1.666667,5.000000,-0.000000,-1.772021,0
760,0.700000,1.666667,0.000000,-0.020990,-2.009217,0
761,0.700000,1.666667,0.555556,-0.191835,-2.003981,0
762,0.700000,1.666667,1.111111,-0.113484,-0.146125,0
763,0.700000,1.666667,1.666667,-0.163721,-0.782410,0
764,0.700000,1.666667,2.222222,-0.846123,-2.005051,1
765,0.700000,1.666667,2.777778,-0.000300,-2.014739,0
766,0.700000,1.666667,3.333333,-0.000000,-2.019020,0
767,0.700000,1.666667,3.888889,-0.000000,-2.027433,0
768,0.700000,1.666667,4.444444,-0.000000,-1.945557,0
769,0.700000,1.666667,5.000000,-0.000000,-1.907912,0
770,0.800000,1.666667,0.000000,-0.172714,-2.215199,0
771,0.800000,1.666667,0.555556,-0.084941,-0.083643,0
772,0.800000,1.666667,1.111111,-0.127318,-1.201554,0
773,0.800000,1.666667,1.666667,-0.978893,-2.180010,1
774,0.800000,1.666667,2.222222,-0.000370,-2.165002,0
775,0.800000,1.666667,2.777778,-0.000000,-2.229416,0
776,0.800000,1.666667,3.333333,-0.000000,-2.243807,0
777,0.800000,1.666667,3.888889,-0.000000,-2.114018,0
778,0.800000,1.666667,4.444444,-0.000000,-2.080716,0
779,0.800000,1.666667,5.000000,-0.000000,-2.070662,0
780,0.900000,1.666667,0.000000,-0.043500,-0.080540,0
781,0.900000,1.666667,0.555556,-0.056116,-1.433001,0
782,0.900000,1.666667,1.111111,-0.250991,-0.136213,0
783,0.900000,1.666667,1.666667,-0.001002,-2.555992,0
784,0.900000,1.666667,2.222222,-0.000000,-2.499425,0
785,0.900000,1.666667,2.777778,-0.000000,-2.503072,0
786,0.900000,1.666667,3.333333,-0.000000,-2.461788,0
787,0.900000,1.666667,3.888889,-0.000000,-2.383706,0
788,0.900000,1.666667,4.444444,-0.000000,-2.373788,0
789,0.900000,1.666667,5.000000,-0.000000,-2.570151,0
790,1.000000,1.666667,0.000000,-0.019963,-0.403598,0
791,1.000000,1.666667,0.555556,-0.548689,-4.991235,0
792,1.000000,1.666667,1.111111,-0.127337,-2.925501,0
793,1.000000,1.666667,1.666667,-0.000000,-2.898417,0
794,1.000000,1.666667,2.222222,-0.000000,-2.824090,0
795,1.000000,1.666667,2.777778,-0.000000,-2.666920,0
796,1.000000,1.666667,3.333333,-0.000000,-2.644994,0
797,1.000000,1.666667,3.888889,-0.000000,-2.644994,0
798,1.000000,1.666667,4.444444,-0.000000,-2.921208,0
799,1.000000,1.666667,5.000000,-0.000000,-2.921208,0
800,0.100000,1.833333,0.000000,-0.000000,-0.850882,0
801,0.100000,1.833333,0.555556,-0.000000,-0.801854,0
802,0.100000,1.833333,1.111111,-0.000001,-0.766754,0
803,0.100000,1.833333,1.666667,-0.000001,-0.742760,0
804,0.100000,1.833333,2.222222,-0.000003,-0.700635,0
805,0.100000,1.833333,2.777778,-0.000007,-0.664435,0
806,0.100000,1.833333,3.333333,-0.000015,-0.638783,0
807,0.100000,1.833333,3.888889,-0.000028,-0.624023,0
808,0.100000,1.833333,4.444444,-0.000060,-0.601057,0
809,0.100000,1.833333,5.000000,-0.000109,-0.585746,0
810,0.200000,1.833333,0.000000,-0.000001,-1.020071,0
811,0.200000,1.833333,0.555556,-0.000002,-1.000496,0
812,0.200000,1.833333,1.111111,-0.000007,-0.963956,0
813,0.200000,1.833333,1.666667,-0.000019,-0.935431,0
814,0.200000,1.833333,2.222222,-0.000055,-0.917766,0
815,0.200000,1.833333,2.777778,-0.000138,-0.910469,0
816,0.200000,1.833333,3.333333,-0.000430,-0.876375,0
817,0.200000,1.833333,3.888889,-0.000977,-0.859393,0
818,0.200000,1.833333,4.444444,-0.002809,-0.835789,0
819,0.200000,1.833333,5.000000,-0.006479,-0.826815,0
820,0.300000,1.833333,0.000000,-0.000007,-1.218684,0
821,0.300000,1.833333,0.555556,-0.000025,-1.191087,0
822,0.300000,1.833333,1.111111,-0.000094,-1.159434,0
823,0.300000,1.833333,1.666667,-0.000349,-1.133473,0
824,0.300000,1.833333,2.222222,-0.001062,-1.112824,0
825,0.300000,1.833333,2.777778,-0.003975,-1.098702,0
826,0.300000,1.833333,3.333333,-0.013456,-1.088004,0
827,0.300000,1.833333,3.888889,-0.041881,-1.078862,0
828,0.300000,1.833333,4.444444,-0.142136,-1.059493,0
829,0.300000,1.833333,5.000000,-0.461253,-1.052719,0
830,0.400000,1.833333,0.000000,-0.000046,-1.415570,0
831,0.400000,1.833333,0.555556,-0.000218,-1.395908,0
832,0.400000,1.833333,1.111111,-0.001114,-1.379085,0
833,0.400000,1.833333,1.666667,-0.004250,-1.359983,0
834,0.400000,1.833333,2.222222,-0.021356,-1.351406,0
835,0.400000,1.833333,2.777778,-0.092545,-1.335647,0
836,0.400000,1.833333,3.333333,-0.393417,-1.315290,0
837,0.400000,1.833333,3.888889,-0.241865,-0.030351,0
838,0.400000,1.833333,4.444444,-0.882996,-1.322558,1
839,0.400000,1.833333,5.000000,-0.141840,-1.318540,0
840,0.500000,1.833333,0.000000,-0.000259,-1.622560,0
841,0.500000,1.833333,0.555556,-0.001475,-1.602546,0
842,0.500000,1.833333,1.111111,-0.009251,-1.595988,0
843,0.500000,1.833333,1.666667,-0.054306,-1.578233,0
844,0.500000,1.833333,2.222222,-0.292390,-1.575020,0
845,0.500000,1.833333,2.777778,-0.191837,-0.060915,0
846,0.500000,1.833333,3.333333,-0.281235,-0.444398,0
847,0.500000,1.833333,3.888889,-0.238781,-1.570699,0
848,0.500000,1.833333,4.444444,-0.000087,-1.570916,0
849,0.500000,1.833333,5.000000,-0.000000,-1.566105,0
850,0.600000,1.833333,0.000000,-0.001401,-1.822498,0
851,0.600000,1.833333,0.555556,-0.010819,-1.815336,0
852,0.600000,1.833333,1.111111,-0.072806,-1.812557,0
853,0.600000,1.833333,1.666667,-0.150353,-0.228197,0
854,0.600000,1.833333,2.222222,-0.174795,-0.153157,0
855,0.600000,1.833333,2.777778,-0.984781,-1.809628,1
856,0.600000,1.833333,3.333333,-0.013074,-1.811824,0
857,0.600000,1.833333,3.888889,-0.000001,-1.808693,0
858,0.600000,1.833333,4.444444,-0.000000,-1.815649,0
859,0.600000,1.833333,5.000000,-0.000000,-1.787161,0
860,0.700000,1.833333,0.000000,-0.007544,-2.013546,0
861,0.700000,1.833333,0.555556,-0.074243,-2.002238,0
862,0.700000,1.833333,1.111111,-0.113243,-0.066472,0
863,0.700000,1.833333,1.666667,-0.128942,-0.052099,0
864,0.700000,1.833333,2.222222,-0.609247,-3.561796,1
865,0.700000,1.833333,2.777778,-0.002125,-2.016967,0
866,0.700000,1.833333,3.333333,-0.000000,-2.015857,0
867,0.700000,1.833333,3.888889,-0.000000,-2.030327,0
868,0.700000,1.833333,4.444444,-0.000000,-1.964109,0
869,0.700000,1.833333,5.000000,-0.000000,-1.907912,0
870,0.800000,1.833333,0.000000,-0.047781,-2.244273,0
871,0.800000,1.833333,0.555556,-0.084925,-0.045522,0
872,0.800000,1.833333,1.111111,-0.092333,-0.065919,0
873,0.800000,1.833333,1.666667,-0.587352,-3.958635,0
874,0.800000,1.833333,2.222222,-0.005037,-2.168478,0
875,0.800000,1.833333,2.777778,-0.000000,-2.216547,0
876,0.800000,1.833333,3.333333,-0.000000,-2.246403,0
877,0.800000,1.833333,3.888889,-0.000000,-2.126480,0
878,0.800000,1.833333,4.444444,-0.000000,-2.080716,0
879,0.800000,1.833333,5.000000,-0.000000,-2.070662,0
880,0.900000,1.833333,0.000000,-0.342933,-2.568633,0
881,0.900000,1.833333,0.555556,-0.043655,-0.080540,0
882,0.900000,1.833333,1.111111,-0.259066,-3.958269,0
883,0.900000,1.833333,1.666667,-0.017036,-2.555992,0
884,0.900000,1.833333,2.222222,-0.000000,-2.501436,0
885,0.900000,1.833333,2.777778,-0.000000,-2.464577,0
886,0.900000,1.833333,3.333333,-0.000000,-2.474986,0
887,0.900000,1.833333,3.888889,-0.000000,-2.383706,0
888,0.900000,1.833333,4.444444,-0.000000,-2.373788,0
889,0.900000,1.833333,5.000000,-0.000000,-2.570151,0
890,1.000000,1.833333,0.000000,-0.019092,-0.094889,0
891,1.000000,1.833333,0.555556,-0.052551,-3.060768,0
892,1.000000,1.833333,1.111111,-0.247128,-0.083979,0
893,1.000000,1.833333,1.666667,-0.000001,-2.899389,0
894,1.000000,1.833333,2.222222,-0.000000,-2.830364,0
895,1.000000,1.833333,2.777778,-0.000000,-2.701344,0
896,1.000000,1.833333,3.333333,-0.000000,-2.644994,0
897,1.000000,1.833333,3.888889,-0.000000,-2.644994,0
898,1.000000,1.833333,4.444444,-0.000000,-2.921208,0
899,1.000000,1.833333,5.000000,-0.000000,-2.921208,0
900,0.100000,2.000000,0.000000,-0.000000,-0.861408,0
901,0.100000,2.000000,0.555556,-0.000000,-0.818665,0
902,0.100000,2.000000,1.111111,-0.000000,-0.778443,0
903,0.100000,2.000000,1.666667,-0.000001,-0.750919,0
904,0.100000,2.000000,2.222222,-0.000002,-0.718225,0
905,0.100000,2.000000,2.777778,-0.000005,-0.676749,0
906,0.100000,2.000000,3.333333,-0.000011,-0.647563,0
907,0.100000,2.000000,3.888889,-0.000022,-0.630556,0
908,0.100000,2.000000,4.444444,-0.000046,-0.615805,0
909,0.100000,2.000000,5.000000,-0.000088,-0.598055,0
910,0.200000,2.000000,0.000000,-0.000000,-1.030484,0
911,0.200000,2.000000,0.555556,-0.000001,-1.006855,0
912,0.200000,2.000000,1.111111,-0.000004,-0.979156,0
913,0.200000,2.000000,1.666667,-0.000013,-0.944645,0
914,0.200000,2.000000,2.222222,-0.000037,-0.923954,0
915,0.200000,2.000000,2.777778,-0.000100,-0.916802,0
916,0.200000,2.000000,3.333333,-0.000280,-0.897990,0
917,0.200000,2.000000,3.888889,-0.000721,-0.876297,0
918,0.200000,2.000000,4.444444,-0.001953,-0.853960,0
919,0.200000,2.000000,5.000000,-0.004734,-0.848466,0
920,0.300000,2.000000,0.000000,-0.000004,-1.230424,0
921,0.300000,2.000000,0.555556,-0.000015,-1.202628,0
922,0.300000,2.000000,1.111111,-0.000058,-1.171385,0
923,0.300000,2.000000,1.666667,-0.000211,-1.142631,0
924,0.300000,2.000000,2.222222,-0.000695,-1.121912,0
925,0.300000,2.000000,2.777778,-0.002619,-1.093410,0
926,0.300000,2.000000,3.333333,-0.007873,-1.079696,0
927,0.300000,2.000000,3.888889,-0.027734,-1.077517,0
928,0.300000,2.000000,4.444444,-0.090481,-1.079514,0
929,0.300000,2.000000,5.000000,-0.293412,-1.071277,0
930,0.400000,2.000000,0.000000,-0.000026,-1.425291,0
931,0.400000,2.000000,0.555556,-0.000121,-1.402498,0
932,0.400000,2.000000,1.111111,-0.000569,-1.388406,0
933,0.400000,2.000000,1.666667,-0.002609,-1.372351,0
934,0.400000,2.000000,2.222222,-0.012565,-1.346893,0
935,0.400000,2.000000,2.777778,-0.049464,-1.333771,0
936,0.400000,2.000000,3.333333,-0.228009,-1.332911,0
937,0.400000,2.000000,3.888889,-0.234634,-0.068222,0
938,0.400000,2.000000,4.444444,-0.362278,-0.035507,0
939,0.400000,2.000000,5.000000,-0.547561,-1.318540,0
940,0.500000,2.000000,0.000000,-0.000130,-1.633248,0
941,0.500000,2.000000,0.555556,-0.000774,-1.609765,0
942,0.500000,2.000000,1.111111,-0.005056,-1.591584,0
943,0.500000,2.000000,1.666667,-0.025354,-1.585354,0
944,0.500000,2.000000,2.222222,-0.150278,-1.583494,0
945,0.500000,2.000000,2.777778,-0.197978,-0.059119,0
946,0.500000,2.000000,3.333333,-0.266262,-0.040734,0
947,0.500000,2.000000,3.888889,-0.725821,-1.570062,1
948,0.500000,2.000000,4.444444,-0.000497,-1.567080,0
949,0.500000,2.000000,5.000000,-0.000000,-1.573178,0
950,0.600000,2.000000,0.000000,-0.000638,-1.833491,0
951,0.600000,2.000000,0.555556,-0.004556,-1.816988,0
952,0.600000,2.000000,1.111111,-0.036316,-1.819626,0
953,0.600000,2.000000,1.666667,-0.267869,-1.811284,0
954,0.600000,2.000000,2.222222,-0.154721,-0.170330,0
955,0.600000,2.000000,2.777778,-0.241665,-0.067531,0
956,0.600000,2.000000,3.333333,-0.078756,-1.809735,0
957,0.600000,2.000000,3.888889,-0.000003,-1.815883,0
958,0.600000,2.000000,4.444444,-0.000000,-1.808489,0
959,0.600000,2.000000,5.000000,-0.000000,-1.799750,0
960,0.700000,2.000000,0.000000,-0.003284,-2.017386,0
961,0.700000,2.000000,0.555556,-0.029690,-2.011709,0
962,0.700000,2.000000,1.111111,-0.269071,-2.000740,0
963,0.700000,2.000000,1.666667,-0.113968,-0.146125,0
964,0.700000,2.000000,2.222222,-0.209791,-1.277992,0
965,0.700000,2.000000,2.777778,-0.010316,-2.010923,0
966,0.700000,2.000000,3.333333,-0.000000,-2.021993,0
967,0.700000,2.000000,3.888889,-0.000000,-2.023388,0
968,0.700000,2.000000,4.444444,-0.000000,-1.986729,0
969,0.700000,2.000000,5.000000,-0.000000,-1.907912,0
970,0.800000,2.000000,0.000000,-0.019517,-2.273684,0
971,0.800000,2.000000,0.555556,-0.237452,-2.205942,0
972,0.800000,2.000000,1.111111,-0.081471,-0.021435,0
973,0.800000,2.000000,1.666667,-0.165693,-1.757895,0
974,0.800000,2.000000,2.222222,-0.034141,-2.172262,0
975,0.800000,2.000000,2.777778,-0.000000,-2.202452,0
976,0.800000,2.000000,3.333333,-0.000000,-2.247131,0
977,0.800000,2.000000,3.888889,-0.000000,-2.143846,0
978,0.800000,2.000000,4.444444,-0.000000,-2.080716,0
979,0.800000,2.000000,5.000000,-0.000000,-2.070662,0
980,0.900000,2.000000,0.000000,-0.116495,-2.604600,0
981,0.900000,2.000000,0.555556,-0.043584,-0.080540,0
982,0.900000,2.000000,1.111111,-0.080287,-1.842842,0
983,0.900000,2.000000,1.666667,-0.119603,-2.555992,0
984,0.900000,2.000000,2.222222,-0.000000,-2.503867,0
985,0.900000,2.000000,2.777778,-0.000000,-2.458272,0
986,0.900000,2.000000,3.333333,-0.000000,-2.483099,0
987,0.900000,2.000000,3.888889,-0.000000,-2.383706,0
988,0.900000,2.000000,4.444444,-0.000000,-2.373788,0
989,0.900000,2.000000,5.000000,-0.000000,-2.570151,0
990,1.000000,2.000000,0.000000,-0.019088,-0.094889,0
991,1.000000,2.000000,0.555556,-0.023171,-0.848266,0
992,1.000000,2.000000,1.111111,-0.349090,-1.786688,0
993,1.000000,2.000000,1.666667,-0.000019,-2.900541,0
994,1.000000,2.000000,2.222222,-0.000000,-2.834202,0
995,1.000000,2.000000,2.777778,-0.000000,-2.745108,0
996,1.000000,2.000000,3.333333,-0.000000,-2.644994,0
997,1.000000,2.000000,3.888889,-0.000000,-2.644994,0
998,1.000000,2.000000,4.444444,-0.000000,-2.921208,0
999,1.000000,2.000000,5.000000,-0.000000,-2.921208,0
