Index,Ego_HostVelGain,Other_Velocity_mps,Other_Time_s,Fitness_Critical adapted distance,Fitness_Velocity at critical distance
0,0.375863,0.949938,3.127768,-0.997721,-1.260210
1,0.392108,0.556070,1.045507,-0.672187,-1.287744
2,0.378387,1.844182,4.731469,-0.740569,-1.267022
3,0.375863,0.949938,3.127768,-0.997721,-1.260210
4,0.506350,1.379591,3.135748,-0.980980,-1.573466
5,0.416141,1.280509,3.290347,-0.699704,-2.476766
6,0.399602,0.562103,0.999839,-0.700697,-1.318277
7,0.396045,1.924792,4.925862,-0.923596,-1.304274
8,0.390376,1.446894,4.233770,-0.961690,-1.282995
9,0.415468,1.844698,4.741110,-0.622518,-1.374944
10,0.392108,0.556070,1.045507,-0.672187,-1.287744
11,0.378387,1.844182,4.731469,-0.740569,-1.267022
12,0.378387,1.924276,4.916220,-0.892050,-1.261101
13,0.375863,0.949938,3.127768,-0.997721,-1.260210
14,0.506350,1.379591,3.135748,-0.980980,-1.573466
15,0.416141,1.280509,3.290347,-0.699704,-2.476766
16,0.399953,1.446894,4.233770,-0.994240,-1.318826
17,0.425647,0.963550,3.112617,-0.867781,-1.380422
18,0.396045,1.924792,4.925862,-0.923596,-1.304274
19,0.390376,1.446894,4.233770,-0.961690,-1.282995
20,0.378613,1.924792,4.925862,-0.986739,-1.260756
21,0.399602,0.562103,0.999839,-0.700697,-1.318277
22,0.415468,1.844698,4.736263,-0.671960,-1.374944
23,0.378387,1.844182,4.731469,-0.740569,-1.267022
24,0.378387,1.924276,4.916220,-0.892050,-1.261101
25,0.392108,0.556070,1.045507,-0.672187,-1.287744
26,0.415468,1.844698,4.741110,-0.622518,-1.374944
27,0.375863,0.949938,3.127768,-0.997721,-1.260210
28,0.506350,1.379591,3.135748,-0.980980,-1.573466
29,0.416141,1.280509,3.290347,-0.699704,-2.476766
30,0.399953,1.446894,4.233770,-0.994240,-1.318826
31,0.372293,0.606297,0.508785,-0.950151,-2.282556
32,0.391035,1.924276,4.872605,-0.995243,-1.284312
33,0.415306,0.972468,3.036446,-0.992198,-1.374919
34,0.415238,1.280509,3.273962,-0.608617,-2.386699
35,0.399953,1.363427,4.233770,-0.993008,-1.318826
36,0.425647,0.963550,3.112617,-0.867781,-1.380422
37,0.396045,1.924792,4.925862,-0.923596,-1.304274
38,0.390376,1.446894,4.233770,-0.961690,-1.282995
39,0.378613,1.924748,4.928171,-0.986743,-1.260756
40,0.425658,0.949938,3.127768,-0.745552,-1.380108
41,0.378613,1.924792,4.925862,-0.986739,-1.260756
42,0.415468,1.844698,4.736263,-0.671960,-1.374944
43,0.392095,1.042289,3.678722,-0.921668,-1.287379
44,0.399602,0.562103,0.999839,-0.700697,-1.318277
45,0.375863,0.949938,3.127768,-0.997721,-1.260210
46,0.506350,1.379591,3.135748,-0.980980,-1.573466
47,0.391035,1.924276,4.872605,-0.995243,-1.284312
48,0.415306,0.972468,3.036446,-0.992198,-1.374919
49,0.375863,0.949938,3.120839,-0.997721,-1.260210
50,0.399953,1.450402,4.257166,-0.994695,-1.318826
51,0.372275,0.606297,0.508785,-0.956445,-2.333346
52,0.460353,1.352093,3.036446,-0.782186,-2.753135
53,0.399953,1.446894,4.233770,-0.994240,-1.318826
54,0.372293,0.606297,0.508785,-0.950151,-2.282556
55,0.416141,1.280509,3.290347,-0.699704,-2.476766
56,0.399953,1.363427,4.233770,-0.993008,-1.318826
57,0.425647,0.963550,3.112617,-0.867781,-1.380422
58,0.426825,0.949938,3.127768,-0.733406,-1.381561
59,0.415238,1.280509,3.273962,-0.608617,-2.386699
60,0.396045,1.924792,4.925862,-0.923596,-1.304274
61,0.378613,1.924748,4.928171,-0.986743,-1.260756
62,0.378630,1.924748,4.928171,-0.986868,-1.260646
63,0.393400,1.844698,4.765317,-0.983021,-1.294312
64,0.425658,0.949938,3.127768,-0.745552,-1.380108
65,0.399953,1.304708,4.233770,-0.779415,-1.318826
66,0.375863,0.949938,3.127768,-0.997721,-1.260210
67,0.506350,1.379591,3.135748,-0.980980,-1.573466
68,0.415306,0.972468,3.036446,-0.992198,-1.374919
69,0.375863,0.949938,3.120839,-0.997721,-1.260210
70,0.372275,0.606297,0.508785,-0.956445,-2.333346
71,0.460353,1.352093,3.036446,-0.782186,-2.753135
72,0.399953,1.457601,4.338294,-0.996857,-1.318826
73,0.416141,1.267596,3.290347,-0.810691,-2.454172
74,0.372293,0.616308,0.508785,-0.819090,-2.338673
75,0.372293,0.606297,0.508785,-0.950151,-2.282556
76,0.416141,1.280509,3.290347,-0.699704,-2.476766
77,0.391035,1.924276,4.872605,-0.995243,-1.284312
78,0.399953,1.450402,4.257166,-0.994695,-1.318826
79,0.425647,0.963550,3.112617,-0.867781,-1.380422
80,0.426825,0.949938,3.127768,-0.733406,-1.381561
81,0.415238,1.280509,3.273962,-0.608617,-2.386699
82,0.378613,1.863113,4.959913,-0.995164,-1.260756
83,0.399953,1.446894,4.233770,-0.994240,-1.318826
84,0.425658,0.962851,3.127768,-0.844285,-1.380108
85,0.399953,1.363427,4.233770,-0.993008,-1.318826
86,0.378630,1.924748,4.928171,-0.986868,-1.260646
87,0.375863,0.949938,3.127768,-0.997721,-1.260210
88,0.506350,1.379591,3.135748,-0.980980,-1.573466
89,0.375863,0.949938,3.120839,-0.997721,-1.260210
90,0.372275,0.606297,0.508785,-0.956445,-2.333346
91,0.460353,1.352093,3.036446,-0.782186,-2.753135
92,0.399953,1.457601,4.338294,-0.996857,-1.318826
93,0.416141,1.267596,3.290347,-0.810691,-2.454172
94,0.372293,0.616308,0.508785,-0.819090,-2.338673
95,0.428238,0.972468,2.977072,-0.995833,-1.384464
96,0.372293,0.606297,0.508785,-0.950151,-2.282556
97,0.416141,1.280509,3.290347,-0.699704,-2.476766
98,0.391035,1.924276,4.872605,-0.995243,-1.284312
99,0.399953,1.450402,4.257166,-0.994695,-1.318826
100,0.415306,0.983073,2.974236,-0.993623,-1.374919
101,0.425647,0.963550,3.112617,-0.867781,-1.380422
102,0.426825,0.949938,3.127768,-0.733406,-1.381561
103,0.426825,0.949938,3.129461,-0.733406,-1.381561
104,0.416141,1.280509,3.288654,-0.666079,-2.476766
105,0.378613,1.863113,4.959913,-0.995164,-1.260756
106,0.399953,1.446894,4.233770,-0.994240,-1.318826
107,0.415306,0.972468,3.036446,-0.992198,-1.374919
108,0.399953,1.363427,4.233770,-0.993008,-1.318826
109,0.415238,1.280509,3.273962,-0.608617,-2.386699
110,0.425658,0.962851,3.127768,-0.844285,-1.380108
111,0.375863,0.949938,3.127768,-0.997721,-1.260210
112,0.506350,1.379591,3.135748,-0.980980,-1.573466
113,0.375863,0.949938,3.120839,-0.997721,-1.260210
114,0.372275,0.606297,0.508785,-0.956445,-2.333346
115,0.460353,1.352093,3.036446,-0.782186,-2.753135
116,0.416141,1.267596,3.290347,-0.810691,-2.454172
117,0.372293,0.616308,0.508785,-0.819090,-2.338673
118,0.428238,0.972468,2.977072,-0.995833,-1.384464
119,0.431967,0.990186,2.936313,-0.992660,-1.392665
120,0.399953,1.375274,4.233770,-0.997657,-1.318826
121,0.372293,0.606297,0.508785,-0.950151,-2.282556
122,0.372275,0.607908,0.508785,-0.943881,-2.333346
123,0.416141,1.280509,3.290347,-0.699704,-2.476766
124,0.425647,1.261000,3.112617,-0.680278,-2.511885
125,0.415306,0.983073,2.974236,-0.993623,-1.374919
126,0.425647,0.985840,3.112617,-0.969251,-1.380422
127,0.399953,1.457601,4.338294,-0.996857,-1.318826
128,0.378613,1.840785,4.959913,-0.997107,-1.260756
129,0.428238,0.972468,3.078718,-0.948415,-1.384464
130,0.509341,1.350754,3.127768,-0.849377,-1.583750
131,0.416141,1.280509,3.288654,-0.666079,-2.476766
132,0.415306,0.972468,3.036446,-0.992198,-1.374919
133,0.391035,1.924276,4.872605,-0.995243,-1.284312
134,0.399953,1.460567,4.277065,-0.994846,-1.318826
135,0.378613,1.863113,4.959913,-0.995164,-1.260756
136,0.506350,1.379591,3.135748,-0.980980,-1.573466
137,0.372275,0.606297,0.508785,-0.956445,-2.333346
138,0.460353,1.352093,3.036446,-0.782186,-2.753135
139,0.416141,1.267596,3.290347,-0.810691,-2.454172
140,0.372293,0.616308,0.508785,-0.819090,-2.338673
141,0.428238,0.972468,2.977072,-0.995833,-1.384464
142,0.431967,0.990186,2.936313,-0.992660,-1.392665
143,0.399953,1.375274,4.233770,-0.997657,-1.318826
144,0.375863,1.891468,4.966947,-0.997994,-1.260210
145,0.506350,1.379591,2.983834,-0.980075,-1.573466
146,0.372293,0.606297,0.508785,-0.950151,-2.282556
147,0.372275,0.607908,0.508785,-0.943881,-2.333346
148,0.416141,1.280509,3.290347,-0.699704,-2.476766
149,0.425647,1.261000,3.112617,-0.680278,-2.511885
150,0.425647,1.261000,3.112720,-0.680278,-2.511885
151,0.416141,1.280509,3.290245,-0.699704,-2.476766
152,0.416141,1.272733,3.290347,-0.763123,-2.454172
153,0.415306,0.983073,2.974236,-0.993623,-1.374919
154,0.399953,1.457601,4.338294,-0.996857,-1.318826
155,0.378613,1.840785,4.959913,-0.997107,-1.260756
156,0.375863,0.949938,3.127768,-0.997721,-1.260210
157,0.375863,0.949938,3.120839,-0.997721,-1.260210
158,0.375863,0.949942,3.127768,-0.997720,-1.260210
159,0.416141,1.280509,3.288654,-0.666079,-2.476766
160,0.509341,1.350754,3.127768,-0.849377,-1.583750
161,0.428238,0.973292,3.078718,-0.951935,-1.384464
162,0.415306,0.972468,3.036446,-0.992198,-1.374919
163,0.399953,1.460567,4.277065,-0.994846,-1.318826
164,0.425647,0.985840,3.112617,-0.969251,-1.380422
165,0.506350,1.379591,3.135748,-0.980980,-1.573466
166,0.372275,0.606297,0.508785,-0.956445,-2.333346
167,0.460353,1.352093,3.036446,-0.782186,-2.753135
168,0.416141,1.267596,3.290347,-0.810691,-2.454172
169,0.372293,0.616308,0.508785,-0.819090,-2.338673
170,0.431967,0.990186,2.936313,-0.992660,-1.392665
171,0.428238,0.971498,2.851776,-0.996388,-1.384464
172,0.400784,1.375274,4.233770,-0.998958,-1.321797
173,0.506350,1.379591,2.983834,-0.980075,-1.573466
174,0.506350,1.379591,2.988626,-0.980075,-1.573466
175,0.372293,0.606297,0.508785,-0.950151,-2.282556
176,0.372275,0.607908,0.508785,-0.943881,-2.333346
177,0.509341,1.380245,3.127768,-0.952459,-1.583750
178,0.416141,1.280509,3.290347,-0.699704,-2.476766
179,0.425647,1.261000,3.112617,-0.680278,-2.511885
180,0.425647,1.261000,3.112720,-0.680278,-2.511885
181,0.416141,1.280509,3.290245,-0.699704,-2.476766
182,0.416141,1.272733,3.290347,-0.763123,-2.454172
183,0.479693,0.616308,0.183402,-0.797530,-2.340434
184,0.428238,0.972468,2.977072,-0.995833,-1.384464
185,0.399953,1.375274,4.233770,-0.997657,-1.318826
186,0.375863,1.891468,4.966947,-0.997994,-1.260210
187,0.375863,0.949938,3.127768,-0.997721,-1.260210
188,0.416141,1.280509,3.288654,-0.666079,-2.476766
189,0.378005,0.606922,0.344806,-0.871786,-2.312821
190,0.506350,1.350100,3.135748,-0.905063,-1.573466
191,0.503369,1.281134,2.998277,-0.965041,-1.570074
192,0.506350,1.379591,3.135748,-0.980980,-1.573466
193,0.372275,0.606297,0.508785,-0.956445,-2.333346
194,0.460353,1.352093,3.036446,-0.782186,-2.753135
195,0.416141,1.267596,3.290347,-0.810691,-2.454172
196,0.372293,0.616308,0.508785,-0.819090,-2.338673
197,0.400784,1.375274,4.233770,-0.998958,-1.321797
198,0.479693,0.616308,0.351761,-0.985598,-1.530157
199,0.477748,1.330737,3.135748,-0.998126,-1.524408
200,0.506350,1.379591,2.983834,-0.980075,-1.573466
201,0.506350,1.379591,2.988626,-0.980075,-1.573466
202,0.372293,0.606297,0.508785,-0.950151,-2.282556
203,0.372275,0.607908,0.508785,-0.943881,-2.333346
204,0.509341,1.380245,3.127768,-0.952459,-1.583750
205,0.416141,1.280509,3.290347,-0.699704,-2.476766
206,0.425647,1.261000,3.112617,-0.680278,-2.511885
207,0.425647,1.261000,3.112720,-0.680278,-2.511885
208,0.416141,1.280509,3.290245,-0.699704,-2.476766
209,0.416141,1.272733,3.290347,-0.763123,-2.454172
210,0.479693,0.616308,0.183402,-0.797530,-2.340434
211,0.431967,0.990186,2.936313,-0.992660,-1.392665
212,0.428238,0.971498,2.851776,-0.996388,-1.384464
213,0.399953,1.375274,4.233770,-0.997657,-1.318826
214,0.375863,1.891468,4.966947,-0.997994,-1.260210
215,0.504572,1.377670,3.135435,-0.971839,-1.570209
216,0.503369,1.350806,2.998277,-0.977245,-1.570074
217,0.378005,0.606922,0.344806,-0.871786,-2.312821
218,0.378005,0.606922,0.349099,-0.871786,-2.312821
219,0.506350,1.350100,3.135748,-0.905063,-1.573466
220,0.416141,1.280509,3.288654,-0.666079,-2.476766
221,0.372293,0.616308,0.426174,-0.699454,-2.338673
222,0.428238,0.972468,2.977072,-0.995833,-1.384464
223,0.375863,0.949938,3.127768,-0.997721,-1.260210
224,0.375863,1.758210,4.969919,-0.986348,-1.259664
225,0.460353,1.352093,3.036446,-0.782186,-2.753135
226,0.416141,1.267596,3.290347,-0.810691,-2.454172
227,0.372293,0.616308,0.508785,-0.819090,-2.338673
228,0.400784,1.375274,4.233770,-0.998958,-1.321797
229,0.479693,0.616308,0.351761,-0.985598,-1.530157
230,0.477748,1.330737,3.135748,-0.998126,-1.524408
231,0.372275,0.606297,0.535174,-0.966409,-2.333346
232,0.505938,1.350806,2.998104,-0.981227,-1.574011
233,0.416141,1.280509,3.290347,-0.699704,-2.476766
234,0.425647,1.261000,3.112617,-0.680278,-2.511885
235,0.425647,1.261000,3.112720,-0.680278,-2.511885
236,0.416141,1.280509,3.290245,-0.699704,-2.476766
237,0.460353,1.371283,3.036446,-0.603495,-2.617899
238,0.416141,1.272733,3.290347,-0.763123,-2.454172
239,0.479693,0.616308,0.183402,-0.797530,-2.340434
240,0.400784,1.391624,4.233770,-0.998954,-1.321797
241,0.431967,0.990186,2.936313,-0.992660,-1.392665
242,0.428238,0.971498,2.851776,-0.996388,-1.384464
243,0.372275,0.606297,0.508785,-0.956445,-2.333346
244,0.371995,0.607908,0.508785,-0.957847,-2.331455
245,0.506350,1.379591,3.135748,-0.980980,-1.573466
246,0.416141,1.280509,3.288654,-0.666079,-2.476766
247,0.372293,0.616308,0.426174,-0.699454,-2.338673
248,0.399953,1.375274,4.233770,-0.997657,-1.318826
249,0.375863,1.891468,4.966947,-0.997994,-1.260210
250,0.428238,0.972468,2.977072,-0.995833,-1.384464
251,0.372275,0.607908,0.508785,-0.943881,-2.333346
252,0.372293,0.606297,0.508785,-0.950151,-2.282556
253,0.509341,1.380245,3.127768,-0.952459,-1.583750
254,0.506350,1.379591,2.983834,-0.980075,-1.573466
255,0.506350,1.379591,2.988626,-0.980075,-1.573466
256,0.375863,0.949938,3.127768,-0.997721,-1.260210
257,0.460353,1.352093,3.036446,-0.782186,-2.753135
258,0.416141,1.267596,3.290347,-0.810691,-2.454172
259,0.372293,0.616308,0.508785,-0.819090,-2.338673
260,0.400784,1.375274,4.233770,-0.998958,-1.321797
261,0.477748,1.330737,3.135748,-0.998126,-1.524408
262,0.372275,0.606297,0.535174,-0.966409,-2.333346
263,0.460327,1.350267,3.035134,-0.797217,-2.752961
264,0.506555,1.350806,2.998104,-0.989282,-1.574447
265,0.479693,0.616308,0.183402,-0.797530,-2.340434
266,0.400784,1.391615,4.233770,-0.998954,-1.321797
267,0.431967,0.990186,2.936313,-0.992660,-1.392665
268,0.428238,0.971498,2.851776,-0.996388,-1.384464
269,0.372275,0.606297,0.508785,-0.956445,-2.333346
270,0.371995,0.607908,0.508785,-0.957847,-2.331455
271,0.372008,0.607908,0.508785,-0.958298,-2.331373
272,0.372280,0.606297,0.508785,-0.956445,-2.333346
273,0.416141,1.280509,3.290347,-0.699704,-2.476766
274,0.425647,1.261000,3.112617,-0.680278,-2.511885
275,0.425647,1.261000,3.112720,-0.680278,-2.511885
276,0.416141,1.280509,3.290245,-0.699704,-2.476766
277,0.460353,1.371283,3.036446,-0.603495,-2.617899
278,0.416141,1.272733,3.290347,-0.763123,-2.454172
279,0.479693,0.616308,0.351761,-0.985598,-1.530157
280,0.505938,1.350806,2.998104,-0.981227,-1.574011
281,0.400784,1.391624,4.233770,-0.998954,-1.321797
282,0.428238,0.972468,2.977072,-0.995833,-1.384464
283,0.372275,0.607908,0.508785,-0.943881,-2.333346
284,0.372293,0.606297,0.508785,-0.950151,-2.282556
285,0.509341,1.380245,3.127768,-0.952459,-1.583750
286,0.425673,1.262826,3.113929,-0.661088,-2.511800
287,0.416141,1.280509,3.288654,-0.666079,-2.476766
288,0.460353,1.371292,3.036446,-0.603421,-2.617899
289,0.416141,1.280509,3.301696,-0.716534,-2.454172
290,0.478742,1.327251,3.290347,-0.982600,-1.527196
291,0.506350,1.379591,3.135748,-0.980980,-1.573466
292,0.477748,1.330737,3.135748,-0.998126,-1.524408
293,0.460897,1.330326,3.037987,-0.948544,-2.757381
294,0.506634,1.350806,2.998104,-0.991919,-1.575926
295,0.403679,0.606297,0.074447,-0.980947,-2.394201
296,0.400784,1.382498,4.233770,-0.999342,-1.321797
297,0.431967,0.990186,2.936313,-0.992660,-1.392665
298,0.428238,0.971498,2.851776,-0.996388,-1.384464
299,0.460353,1.352093,3.036446,-0.782186,-2.753135
300,0.416141,1.267596,3.290347,-0.810691,-2.454172
301,0.460327,1.350267,3.035134,-0.797217,-2.752961
302,0.506555,1.350806,2.998104,-0.989282,-1.574447
303,0.372293,0.616308,0.508785,-0.819090,-2.338673
304,0.372275,0.602195,0.508785,-0.970055,-2.333346
305,0.400784,1.375274,4.233770,-0.998958,-1.321797
306,0.428238,0.972468,2.977072,-0.995833,-1.384464
307,0.479693,0.616308,0.201009,-0.797559,-2.341328
308,0.416141,1.280509,3.290347,-0.699704,-2.476766
309,0.425647,1.261000,3.112617,-0.680278,-2.511885
310,0.425647,1.261000,3.112720,-0.680278,-2.511885
311,0.416141,1.280509,3.290245,-0.699704,-2.476766
312,0.460353,1.371283,3.036446,-0.603495,-2.617899
313,0.416141,1.272733,3.290347,-0.763123,-2.454172
314,0.479693,0.616308,0.351761,-0.985598,-1.530157
315,0.505938,1.350806,2.998104,-0.981227,-1.574011
316,0.372293,0.616308,0.495415,-0.805218,-2.338673
317,0.372275,0.606297,0.535174,-0.966409,-2.333346
318,0.400784,1.391615,4.233770,-0.998954,-1.321797
319,0.400784,1.391624,4.233770,-0.998954,-1.321797
320,0.460353,1.371292,3.036446,-0.603421,-2.617899
321,0.506350,1.379591,3.135748,-0.980980,-1.573466
322,0.372008,0.607908,0.508785,-0.958298,-2.331373
323,0.479693,0.616308,0.183402,-0.797530,-2.340434
324,0.477748,1.330737,3.135748,-0.998126,-1.524408
325,0.460897,1.330326,3.037987,-0.948544,-2.757381
326,0.403679,0.606297,0.074447,-0.980947,-2.394201
327,0.400784,1.382498,4.233770,-0.999342,-1.321797
328,0.506634,1.331348,2.998104,-0.994295,-1.575926
329,0.428238,0.971498,2.851776,-0.996388,-1.384464
330,0.416141,1.267596,3.290347,-0.810691,-2.454172
331,0.460327,1.350267,3.035134,-0.797217,-2.752961
332,0.460897,1.349784,3.037987,-0.795978,-2.757381
333,0.372275,0.602195,0.508785,-0.970055,-2.333346
334,0.372610,0.602195,0.526219,-0.978718,-2.281778
335,0.374427,0.616308,0.495415,-0.825362,-2.350410
336,0.372008,0.607908,0.391956,-0.833283,-2.336577
337,0.400784,1.375274,4.233770,-0.998958,-1.321797
338,0.506634,1.350806,2.998104,-0.991919,-1.575926
339,0.431967,0.990186,2.936313,-0.992660,-1.392665
340,0.428238,0.972468,2.977072,-0.995833,-1.384464
341,0.460353,1.352093,3.036446,-0.782186,-2.753135
342,0.372275,0.606297,0.535174,-0.966409,-2.333346
343,0.372293,0.616308,0.508785,-0.819090,-2.338673
344,0.479693,0.616308,0.201009,-0.797559,-2.341328
345,0.400784,1.391615,4.233770,-0.998954,-1.321797
346,0.506555,1.350806,2.998104,-0.989282,-1.574447
347,0.400784,1.391624,4.233770,-0.998954,-1.321797
348,0.471682,1.411998,3.036446,-0.614503,-2.664702
349,0.372008,0.607908,0.508785,-0.958298,-2.331373
350,0.505938,1.350806,2.998104,-0.981227,-1.574011
351,0.372293,0.616308,0.495415,-0.805218,-2.338673
352,0.416141,1.272733,3.290347,-0.763123,-2.454172
353,0.425647,1.261000,3.112617,-0.680278,-2.511885
354,0.416141,1.280509,3.290347,-0.699704,-2.476766
355,0.479693,0.616308,0.351761,-0.985598,-1.530157
356,0.479693,0.616308,0.183402,-0.797530,-2.340434
357,0.477748,1.330737,3.135748,-0.998126,-1.524408
358,0.460897,1.330326,3.037987,-0.948544,-2.757381
359,0.400784,1.382498,4.233770,-0.999342,-1.321797
360,0.506634,1.331348,2.998104,-0.994295,-1.575926
361,0.403679,0.606297,0.098087,-0.988183,-2.394201
362,0.428238,0.971498,2.851776,-0.996388,-1.384464
363,0.460327,1.350267,3.035134,-0.797217,-2.752961
364,0.460897,1.349784,3.037987,-0.795978,-2.757381
365,0.471957,1.410992,3.115893,-0.892308,-2.749740
366,0.400784,1.385499,4.233770,-0.999214,-1.321797
367,0.506634,1.350806,2.998104,-0.991919,-1.575926
368,0.431967,0.990186,2.936313,-0.992660,-1.392665
369,0.403679,0.606029,0.074447,-0.982627,-2.394201
370,0.428238,0.972468,2.977072,-0.995833,-1.384464
371,0.460353,1.352093,3.036446,-0.782186,-2.753135
372,0.468475,1.363871,3.036446,-0.881816,-2.714424
373,0.400784,1.375274,4.233770,-0.998958,-1.321797
374,0.506555,1.350806,2.998104,-0.989282,-1.574447
375,0.506634,1.391010,2.998104,-0.987061,-1.575926
376,0.461291,1.527759,3.658229,-0.989678,-1.475458
377,0.403679,0.606297,0.074447,-0.980947,-2.394201
378,0.400784,1.391615,4.233770,-0.998954,-1.321797
379,0.471682,1.411998,3.036446,-0.614503,-2.664702
380,0.372610,0.602195,0.526219,-0.978718,-2.281778
381,0.416141,1.267596,3.290347,-0.810691,-2.454172
382,0.505938,1.350806,2.998104,-0.981227,-1.574011
383,0.372275,0.602195,0.508785,-0.970055,-2.333346
384,0.372008,0.607908,0.391956,-0.833283,-2.336577
385,0.416141,1.280509,3.290347,-0.699704,-2.476766
386,0.425647,1.261000,3.112617,-0.680278,-2.511885
387,0.506240,1.330326,3.038680,-0.985886,-1.573391
388,0.374427,0.616308,0.495415,-0.825362,-2.350410
389,0.477748,1.330737,3.135748,-0.998126,-1.524408
390,0.460897,1.330326,3.037987,-0.948544,-2.757381
391,0.403679,0.606297,0.098087,-0.988183,-2.394201
392,0.400784,1.382165,4.233770,-0.999356,-1.321797
393,0.418386,0.635797,0.493413,-0.994510,-2.385818
394,0.428238,0.971498,2.851776,-0.996388,-1.384464
395,0.460327,1.350267,3.035134,-0.797217,-2.752961
396,0.460897,1.349784,3.037987,-0.795978,-2.757381
397,0.471957,1.410992,3.115893,-0.892308,-2.749740
398,0.403679,0.606029,0.074447,-0.982627,-2.394201
399,0.400784,1.382498,4.233770,-0.999342,-1.321797
400,0.506634,1.331348,2.998104,-0.994295,-1.575926
401,0.400755,0.606297,0.337743,-0.982692,-2.331255
402,0.428238,0.972468,2.977072,-0.995833,-1.384464
403,0.460353,1.352093,3.036446,-0.782186,-2.753135
404,0.468475,1.363871,3.036446,-0.881816,-2.714424
405,0.460897,1.350117,3.037987,-0.793217,-2.714947
406,0.403679,0.606297,0.074447,-0.980947,-2.394201
407,0.400784,1.385499,4.233770,-0.999214,-1.321797
408,0.506634,1.350806,2.998104,-0.991919,-1.575926
409,0.431967,0.990186,2.936313,-0.992660,-1.392665
410,0.400784,1.375274,4.233770,-0.998958,-1.321797
411,0.459608,1.350267,3.015772,-0.704994,-2.710502
412,0.416141,1.267596,3.290347,-0.810691,-2.454172
413,0.372610,0.602195,0.526219,-0.978718,-2.281778
414,0.372726,0.607908,0.411450,-0.872879,-2.339425
415,0.506634,1.391010,2.998104,-0.987061,-1.575926
416,0.372275,0.602195,0.508785,-0.970055,-2.333346
417,0.374427,0.616308,0.495415,-0.825362,-2.350410
418,0.461291,1.527759,3.658229,-0.989678,-1.475458
419,0.460897,1.330326,3.037987,-0.948544,-2.757381
420,0.403679,0.606297,0.098087,-0.988183,-2.394201
421,0.418386,0.635797,0.493413,-0.994510,-2.385818
422,0.372063,0.602195,0.526219,-0.998366,-2.326392
423,0.400784,1.382116,4.233770,-0.999358,-1.321797
424,0.403679,0.606029,0.152428,-0.985431,-2.401882
425,0.460327,1.350267,3.035134,-0.797217,-2.752961
426,0.460897,1.349784,3.037987,-0.795978,-2.757381
427,0.471957,1.410992,3.115893,-0.892308,-2.749740
428,0.477748,1.330737,3.135748,-0.998126,-1.524408
429,0.506634,1.331348,2.998104,-0.994295,-1.575926
430,0.487167,1.360682,3.036446,-0.995792,-1.550082
431,0.400784,1.382165,4.233770,-0.999356,-1.321797
432,0.403679,0.606029,0.074447,-0.982627,-2.394201
433,0.400755,0.606297,0.337743,-0.982692,-2.331255
434,0.460353,1.352093,3.036446,-0.782186,-2.753135
435,0.468475,1.363871,3.036446,-0.881816,-2.714424
436,0.461444,1.349784,3.037987,-0.805020,-2.716944
437,0.477748,1.330571,3.135748,-0.998114,-1.524408
438,0.506634,1.350806,2.998104,-0.991919,-1.575926
439,0.400784,1.382331,4.233770,-0.999349,-1.321797
440,0.403679,0.606297,0.074447,-0.980947,-2.394201
441,0.400784,1.382498,4.233770,-0.999342,-1.321797
442,0.460353,1.352475,3.036446,-0.778704,-2.753135
443,0.374427,0.616308,0.495415,-0.825362,-2.350410
444,0.403679,0.591633,0.074447,-0.975386,-2.340469
445,0.506634,1.391010,2.998104,-0.987061,-1.575926
446,0.372610,0.602195,0.526219,-0.978718,-2.281778
447,0.416141,1.267596,3.290347,-0.810691,-2.454172
448,0.460897,1.350117,3.037987,-0.793217,-2.714947
449,0.460897,1.330326,3.037987,-0.948544,-2.757381
450,0.403679,0.606297,0.098087,-0.988183,-2.394201
451,0.418386,0.635797,0.493413,-0.994510,-2.385818
452,0.403679,0.606029,0.152428,-0.985431,-2.401882
453,0.372063,0.605045,0.610176,-0.999484,-2.326392
454,0.418386,0.606897,0.120739,-0.995255,-2.361156
455,0.459632,1.341144,3.088176,-0.965673,-2.753078
456,0.460897,1.349784,3.037987,-0.795978,-2.757381
457,0.403679,0.606029,0.074447,-0.982627,-2.394201
458,0.372063,0.602195,0.526219,-0.998366,-2.326392
459,0.400784,1.382116,4.233770,-0.999358,-1.321797
460,0.400777,1.382116,4.233770,-0.999316,-1.321814
461,0.400755,0.606297,0.337743,-0.982692,-2.331255
462,0.460327,1.350267,3.035134,-0.797217,-2.752961
463,0.471957,1.410992,3.115893,-0.892308,-2.749740
464,0.403679,0.635197,0.470762,-0.965138,-2.401882
465,0.460353,1.352093,3.036446,-0.782186,-2.753135
466,0.403679,0.606297,0.074447,-0.980947,-2.394201
467,0.403686,0.606297,0.074447,-0.980947,-2.394201
468,0.477748,1.330737,3.135748,-0.998126,-1.524408
469,0.506634,1.331348,2.998104,-0.994295,-1.575926
470,0.487167,1.360682,3.036446,-0.995792,-1.550082
471,0.400784,1.382165,4.233770,-0.999356,-1.321797
472,0.468475,1.363871,3.036446,-0.881816,-2.714424
473,0.461444,1.349784,3.037987,-0.805020,-2.716944
474,0.400784,1.382331,4.233770,-0.999349,-1.321797
475,0.460353,1.352475,3.036446,-0.778704,-2.753135
476,0.460897,1.330326,3.037987,-0.948544,-2.757381
477,0.403679,0.606297,0.098087,-0.988183,-2.394201
478,0.418386,0.635797,0.493413,-0.994510,-2.385818
479,0.403679,0.606029,0.152428,-0.985431,-2.401882
480,0.372063,0.605045,0.610176,-0.999484,-2.326392
481,0.418386,0.606897,0.120739,-0.995255,-2.361156
482,0.459632,1.341144,3.088176,-0.965673,-2.753078
483,0.373729,0.602195,0.528521,-0.996774,-2.346906
484,0.460897,1.349784,3.037987,-0.795978,-2.757381
485,0.403679,0.606029,0.074447,-0.982627,-2.394201
486,0.408744,0.606297,0.069587,-0.984742,-2.384300
487,0.372063,0.602195,0.526219,-0.998366,-2.326392
488,0.400784,1.382116,4.233770,-0.999358,-1.321797
489,0.400777,1.382116,4.233770,-0.999316,-1.321814
490,0.460327,1.350267,3.035134,-0.797217,-2.752961
491,0.471957,1.410992,3.115893,-0.892308,-2.749740
492,0.403679,0.635197,0.470762,-0.965138,-2.401882
493,0.460353,1.352093,3.036446,-0.782186,-2.753135
494,0.403679,0.606297,0.074447,-0.980947,-2.394201
495,0.403686,0.606297,0.074447,-0.980947,-2.394201
496,0.400755,0.606297,0.337743,-0.982692,-2.331255
497,0.403679,0.635197,0.700289,-0.982324,-2.359986
498,0.477748,1.330737,3.135748,-0.998126,-1.524408
499,0.506634,1.331348,2.998104,-0.994295,-1.575926
500,0.487167,1.360682,3.036446,-0.995792,-1.550082
501,0.400784,1.382165,4.233770,-0.999356,-1.321797
502,0.468475,1.363871,3.036446,-0.881816,-2.714424
503,0.461444,1.349784,3.037987,-0.805020,-2.716944
504,0.400784,1.382331,4.233770,-0.999349,-1.321797
505,0.460897,1.330326,3.037987,-0.948544,-2.757381
506,0.403679,0.606297,0.098087,-0.988183,-2.394201
507,0.418386,0.635797,0.493413,-0.994510,-2.385818
508,0.403679,0.606029,0.152428,-0.985431,-2.401882
509,0.372063,0.605045,0.610176,-0.999484,-2.326392
510,0.418386,0.606897,0.120739,-0.995255,-2.361156
511,0.459632,1.341144,3.088176,-0.965673,-2.753078
512,0.373729,0.602195,0.528521,-0.996774,-2.346906
513,0.460897,1.349784,3.037987,-0.795978,-2.757381
514,0.418630,0.606869,0.120739,-0.992829,-2.363846
515,0.403679,0.606029,0.074447,-0.982627,-2.394201
516,0.408744,0.606297,0.069587,-0.984742,-2.384300
517,0.372063,0.602195,0.526219,-0.998366,-2.326392
518,0.400784,1.382116,4.233770,-0.999358,-1.321797
519,0.400777,1.382116,4.233770,-0.999316,-1.321814
520,0.372063,0.602195,0.520776,-0.998366,-2.326392
521,0.460327,1.350267,3.035134,-0.797217,-2.752961
522,0.471957,1.410992,3.115893,-0.892308,-2.749740
523,0.403679,0.635197,0.470762,-0.965138,-2.401882
524,0.460191,1.335822,3.067118,-0.927252,-2.713424
525,0.400784,1.382119,4.233770,-0.999358,-1.321797
526,0.460353,1.352093,3.036446,-0.782186,-2.753135
527,0.468475,1.363871,3.036446,-0.881816,-2.714424
528,0.403679,0.606297,0.074447,-0.980947,-2.394201
529,0.506634,1.331348,2.998104,-0.994295,-1.575926
530,0.400755,0.606297,0.337743,-0.982692,-2.331255
531,0.461444,1.349784,3.037987,-0.805020,-2.716944
532,0.477748,1.330737,3.135748,-0.998126,-1.524408
533,0.487167,1.360682,3.036446,-0.995792,-1.550082
534,0.403679,0.635197,0.700289,-0.982324,-2.359986
535,0.460897,1.330326,3.037987,-0.948544,-2.757381
536,0.403679,0.606297,0.098087,-0.988183,-2.394201
537,0.418386,0.635797,0.493413,-0.994510,-2.385818
538,0.403679,0.606029,0.152428,-0.985431,-2.401882
539,0.372063,0.605045,0.610176,-0.999484,-2.326392
540,0.418386,0.606897,0.120739,-0.995255,-2.361156
541,0.459632,1.341144,3.088176,-0.965673,-2.753078
542,0.373729,0.602195,0.528521,-0.996774,-2.346906
543,0.460897,1.330626,3.036369,-0.947051,-2.757381
544,0.418630,0.606869,0.120739,-0.992829,-2.363846
545,0.403679,0.606029,0.074447,-0.982627,-2.394201
546,0.408744,0.606297,0.069587,-0.984742,-2.384300
547,0.372063,0.602195,0.526219,-0.998366,-2.326392
548,0.400784,1.382116,4.233770,-0.999358,-1.321797
549,0.400777,1.382116,4.233770,-0.999316,-1.321814
550,0.372063,0.602195,0.520776,-0.998366,-2.326392
551,0.403679,0.635197,0.470762,-0.965138,-2.401882
552,0.459602,1.341144,3.088176,-0.963918,-2.753028
553,0.460357,1.350267,3.035134,-0.798562,-2.753135
554,0.460897,1.349541,3.037987,-0.798401,-2.757381
555,0.403679,0.606297,0.074447,-0.980947,-2.394201
556,0.400755,0.606297,0.337743,-0.982692,-2.331255
557,0.403679,0.635197,0.700289,-0.982324,-2.359986
558,0.400784,1.382119,4.233770,-0.999358,-1.321797
559,0.477748,1.330737,3.135748,-0.998126,-1.524408
560,0.372063,0.602195,0.615057,-0.997522,-2.326392
561,0.471957,1.410992,3.115893,-0.892308,-2.749740
562,0.460191,1.335822,3.067118,-0.927252,-2.713424
563,0.460897,1.330326,3.037987,-0.948544,-2.757381
564,0.403679,0.606297,0.098087,-0.988183,-2.394201
565,0.418386,0.635797,0.493413,-0.994510,-2.385818
566,0.403679,0.606029,0.152428,-0.985431,-2.401882
567,0.372063,0.605045,0.610176,-0.999484,-2.326392
568,0.418386,0.606897,0.120739,-0.995255,-2.361156
569,0.459632,1.341144,3.088176,-0.965673,-2.753078
570,0.373729,0.602195,0.528521,-0.996774,-2.346906
571,0.460897,1.330626,3.036369,-0.947051,-2.757381
572,0.418630,0.606869,0.120739,-0.992829,-2.363846
573,0.403679,0.606029,0.074447,-0.982627,-2.394201
574,0.408744,0.606297,0.069587,-0.984742,-2.384300
575,0.372063,0.602195,0.526219,-0.998366,-2.326392
576,0.372063,0.602195,0.520776,-0.998366,-2.326392
577,0.371179,0.605101,0.610176,-0.999478,-2.314568
578,0.403679,0.635197,0.470762,-0.965138,-2.401882
579,0.459602,1.341144,3.088176,-0.963918,-2.753028
580,0.460357,1.350267,3.035134,-0.798562,-2.753135
581,0.460897,1.349541,3.037987,-0.798401,-2.757381
582,0.403679,0.606297,0.074447,-0.980947,-2.394201
583,0.408744,0.606297,0.058670,-0.983830,-2.384300
584,0.372063,0.602195,0.615057,-0.997522,-2.326392
585,0.400784,1.382116,4.233770,-0.999358,-1.321797
586,0.400777,1.382116,4.233770,-0.999316,-1.321814
587,0.477748,1.330737,3.135748,-0.998126,-1.524408
588,0.471957,1.410992,3.115893,-0.892308,-2.749740
589,0.460191,1.335822,3.067118,-0.927252,-2.713424
590,0.400784,1.382119,4.233770,-0.999358,-1.321797
591,0.460191,1.337022,3.067118,-0.923215,-2.713424
592,0.460897,1.330326,3.037987,-0.948544,-2.757381
593,0.403679,0.606297,0.098087,-0.988183,-2.394201
594,0.418386,0.635797,0.493413,-0.994510,-2.385818
595,0.403679,0.606029,0.152428,-0.985431,-2.401882
596,0.372063,0.605045,0.610176,-0.999484,-2.326392
597,0.418386,0.606897,0.120739,-0.995255,-2.361156
598,0.459632,1.341144,3.088176,-0.965673,-2.753078
599,0.373729,0.602195,0.528521,-0.996774,-2.346906
600,0.460897,1.330626,3.036369,-0.947051,-2.757381
601,0.418630,0.606869,0.120739,-0.992829,-2.363846
602,0.403679,0.606029,0.074447,-0.982627,-2.394201
603,0.408744,0.606297,0.069587,-0.984742,-2.384300
604,0.372063,0.602195,0.526219,-0.998366,-2.326392
605,0.372063,0.602195,0.520776,-0.998366,-2.326392
606,0.371179,0.605101,0.610176,-0.999478,-2.314568
607,0.403679,0.635197,0.470762,-0.965138,-2.401882
608,0.459602,1.341144,3.088176,-0.963918,-2.753028
609,0.460897,1.349541,3.037987,-0.798401,-2.757381
610,0.460357,1.340482,3.036713,-0.877571,-2.753135
611,0.459632,1.350929,3.086598,-0.900425,-2.753078
612,0.403679,0.606297,0.074447,-0.980947,-2.394201
613,0.408744,0.606297,0.058670,-0.983830,-2.384300
614,0.372063,0.602195,0.615057,-0.997522,-2.326392
615,0.400784,1.382116,4.233770,-0.999358,-1.321797
616,0.400777,1.382116,4.233770,-0.999316,-1.321814
617,0.477748,1.330737,3.135748,-0.998126,-1.524408
618,0.460191,1.335822,3.067118,-0.927252,-2.713424
619,0.400784,1.382119,4.233770,-0.999358,-1.321797
620,0.460357,1.350267,3.035134,-0.798562,-2.753135
621,0.460897,1.330326,3.037987,-0.948544,-2.757381
622,0.403679,0.606297,0.098087,-0.988183,-2.394201
623,0.418386,0.635797,0.493413,-0.994510,-2.385818
624,0.403679,0.606029,0.152428,-0.985431,-2.401882
625,0.372063,0.605045,0.610176,-0.999484,-2.326392
626,0.418386,0.606897,0.120739,-0.995255,-2.361156
627,0.459632,1.341144,3.088176,-0.965673,-2.753078
628,0.373729,0.602195,0.528521,-0.996774,-2.346906
629,0.465399,1.350267,3.035134,-0.915265,-2.758353
630,0.460897,1.330626,3.036369,-0.947051,-2.757381
631,0.418630,0.606869,0.120739,-0.992829,-2.363846
632,0.403679,0.606029,0.074447,-0.982627,-2.394201
633,0.408744,0.606297,0.069587,-0.984742,-2.384300
634,0.372063,0.602195,0.526219,-0.998366,-2.326392
635,0.372063,0.602195,0.520776,-0.998366,-2.326392
636,0.371179,0.605101,0.610176,-0.999478,-2.314568
637,0.403679,0.635197,0.470762,-0.965138,-2.401882
638,0.459602,1.341144,3.088176,-0.963918,-2.753028
639,0.460897,1.349541,3.037987,-0.798401,-2.757381
640,0.460357,1.340482,3.036713,-0.877571,-2.753135
641,0.459632,1.350929,3.086598,-0.900425,-2.753078
642,0.403679,0.606297,0.074447,-0.980947,-2.394201
643,0.408744,0.606297,0.058670,-0.983830,-2.384300
644,0.372063,0.602195,0.615057,-0.997522,-2.326392
645,0.400784,1.382116,4.233770,-0.999358,-1.321797
646,0.400777,1.382116,4.233770,-0.999316,-1.321814
647,0.477748,1.330737,3.135748,-0.998126,-1.524408
648,0.460191,1.335822,3.067118,-0.927252,-2.713424
649,0.400784,1.382119,4.233770,-0.999358,-1.321797
650,0.460357,1.350267,3.035134,-0.798562,-2.753135
651,0.460897,1.330326,3.037987,-0.948544,-2.757381
652,0.403679,0.606297,0.098087,-0.988183,-2.394201
653,0.418386,0.635797,0.493413,-0.994510,-2.385818
654,0.403679,0.606029,0.152428,-0.985431,-2.401882
655,0.372063,0.605045,0.610176,-0.999484,-2.326392
656,0.418386,0.606897,0.120739,-0.995255,-2.361156
657,0.459632,1.341144,3.088176,-0.965673,-2.753078
658,0.373729,0.602195,0.528521,-0.996774,-2.346906
659,0.465399,1.350267,3.035134,-0.915265,-2.758353
660,0.460897,1.330626,3.036369,-0.947051,-2.757381
661,0.418630,0.606869,0.120739,-0.992829,-2.363846
662,0.403679,0.606029,0.074447,-0.982627,-2.394201
663,0.408744,0.606297,0.069587,-0.984742,-2.384300
664,0.372063,0.602195,0.526219,-0.998366,-2.326392
665,0.372063,0.602195,0.520776,-0.998366,-2.326392
666,0.371179,0.605101,0.610176,-0.999478,-2.314568
667,0.403679,0.635197,0.470762,-0.965138,-2.401882
668,0.459602,1.341144,3.088176,-0.963918,-2.753028
669,0.460897,1.349541,3.037987,-0.798401,-2.757381
670,0.460357,1.340482,3.036713,-0.877571,-2.753135
671,0.459632,1.350929,3.086598,-0.900425,-2.753078
672,0.403679,0.606297,0.074447,-0.980947,-2.394201
673,0.408744,0.606297,0.058670,-0.983830,-2.384300
674,0.372063,0.602195,0.615057,-0.997522,-2.326392
675,0.400777,1.382116,4.233770,-0.999316,-1.321814
676,0.477748,1.330737,3.135748,-0.998126,-1.524408
677,0.400784,1.381525,4.233770,-0.999383,-1.321797
678,0.460191,1.335822,3.067118,-0.927252,-2.713424
679,0.460897,1.330326,3.037987,-0.948544,-2.757381
680,0.403679,0.606297,0.098087,-0.988183,-2.394201
681,0.418386,0.635797,0.493413,-0.994510,-2.385818
682,0.403679,0.606029,0.152428,-0.985431,-2.401882
683,0.372063,0.605045,0.610176,-0.999484,-2.326392
684,0.418386,0.606897,0.120739,-0.995255,-2.361156
685,0.459632,1.341144,3.088176,-0.965673,-2.753078
686,0.373729,0.602195,0.528521,-0.996774,-2.346906
687,0.465399,1.350267,3.035134,-0.915265,-2.758353
688,0.372063,0.605045,0.610283,-0.999484,-2.326392
689,0.407181,0.605044,0.163428,-0.979986,-2.415639
690,0.460897,1.330626,3.036369,-0.947051,-2.757381
691,0.418630,0.606869,0.120739,-0.992829,-2.363846
692,0.403679,0.606029,0.074447,-0.982627,-2.394201
693,0.408744,0.606297,0.069587,-0.984742,-2.384300
694,0.459602,1.341144,3.088176,-0.963918,-2.753028
695,0.372063,0.602195,0.526219,-0.998366,-2.326392
696,0.372063,0.602195,0.520776,-0.998366,-2.326392
697,0.371179,0.605101,0.610176,-0.999478,-2.314568
698,0.403679,0.635197,0.470762,-0.965138,-2.401882
699,0.400784,1.381525,4.233770,-0.999383,-1.321797
700,0.460897,1.349541,3.037987,-0.798401,-2.757381
701,0.371179,0.606882,0.610176,-0.998880,-2.314568
702,0.400777,1.382116,4.233770,-0.999316,-1.321814
703,0.460191,1.335822,3.067118,-0.927252,-2.713424
704,0.403679,0.606297,0.074447,-0.980947,-2.394201
705,0.460357,1.340482,3.036713,-0.877571,-2.753135
706,0.460843,1.349541,3.037987,-0.807856,-2.756698
707,0.460897,1.330326,3.037987,-0.948544,-2.757381
708,0.403679,0.606297,0.098087,-0.988183,-2.394201
709,0.418386,0.635797,0.493413,-0.994510,-2.385818
710,0.403679,0.606029,0.152428,-0.985431,-2.401882
711,0.372063,0.605045,0.610176,-0.999484,-2.326392
712,0.418386,0.606897,0.120739,-0.995255,-2.361156
713,0.459632,1.341144,3.088176,-0.965673,-2.753078
714,0.373729,0.602195,0.528521,-0.996774,-2.346906
715,0.372063,0.605045,0.610283,-0.999484,-2.326392
716,0.407181,0.605044,0.163428,-0.979986,-2.415639
717,0.465399,1.349427,3.048510,-0.943392,-2.758353
718,0.372063,0.605045,0.618745,-0.999484,-2.326392
719,0.460897,1.330626,3.036369,-0.947051,-2.757381
720,0.418630,0.606869,0.120739,-0.992829,-2.363846
721,0.403679,0.606029,0.074447,-0.982627,-2.394201
722,0.408744,0.606297,0.069587,-0.984742,-2.384300
723,0.459602,1.341144,3.088176,-0.963918,-2.753028
724,0.407181,0.605044,0.154859,-0.979824,-2.415639
725,0.465399,1.350267,3.035134,-0.915265,-2.758353
726,0.372063,0.602195,0.526219,-0.998366,-2.326392
727,0.372063,0.602195,0.520776,-0.998366,-2.326392
728,0.371179,0.605101,0.610176,-0.999478,-2.314568
729,0.400784,1.381525,4.233770,-0.999383,-1.321797
730,0.460897,1.349541,3.037987,-0.798401,-2.757381
731,0.371179,0.606882,0.610176,-0.998880,-2.314568
732,0.400777,1.382116,4.233770,-0.999316,-1.321814
733,0.460191,1.335822,3.067118,-0.927252,-2.713424
734,0.460357,1.340482,3.036713,-0.877571,-2.753135
735,0.403679,0.635197,0.470762,-0.965138,-2.401882
736,0.460897,1.330326,3.037987,-0.948544,-2.757381
737,0.418386,0.635797,0.493413,-0.994510,-2.385818
738,0.372063,0.605045,0.610176,-0.999484,-2.326392
739,0.418386,0.606897,0.120739,-0.995255,-2.361156
740,0.459632,1.341144,3.088176,-0.965673,-2.753078
741,0.373729,0.602195,0.528521,-0.996774,-2.346906
742,0.372063,0.605045,0.610283,-0.999484,-2.326392
743,0.465399,1.349427,3.048510,-0.943392,-2.758353
744,0.372063,0.605045,0.618745,-0.999484,-2.326392
745,0.407592,0.634831,0.487856,-0.989544,-2.419330
746,0.460897,1.330626,3.036369,-0.947051,-2.757381
747,0.418630,0.606869,0.120739,-0.992829,-2.363846
748,0.459602,1.341144,3.088176,-0.963918,-2.753028
749,0.373729,0.605103,0.528521,-0.994015,-2.346906
750,0.465399,1.349207,3.035134,-0.923217,-2.758353
751,0.372063,0.602195,0.526219,-0.998366,-2.326392
752,0.372063,0.602195,0.520776,-0.998366,-2.326392
753,0.371179,0.605101,0.610176,-0.999478,-2.314568
754,0.403679,0.606297,0.098087,-0.988183,-2.394201
755,0.403679,0.606029,0.152428,-0.985431,-2.401882
756,0.407181,0.605044,0.163428,-0.979986,-2.415639
757,0.400784,1.381525,4.233770,-0.999383,-1.321797
758,0.465399,1.350267,3.035134,-0.915265,-2.758353
759,0.371179,0.603223,0.566011,-0.998987,-2.314568
760,0.400777,1.382116,4.233770,-0.999316,-1.321814
761,0.460191,1.335822,3.067118,-0.927252,-2.713424
762,0.407181,0.605044,0.154859,-0.979824,-2.415639
763,0.408744,0.606297,0.069587,-0.984742,-2.384300
764,0.403679,0.606029,0.074447,-0.982627,-2.394201
765,0.460897,1.330326,3.037987,-0.948544,-2.757381
766,0.418386,0.635797,0.493413,-0.994510,-2.385818
767,0.372063,0.605045,0.610176,-0.999484,-2.326392
768,0.418386,0.606897,0.120739,-0.995255,-2.361156
769,0.459632,1.341144,3.088176,-0.965673,-2.753078
770,0.373729,0.602195,0.528521,-0.996774,-2.346906
771,0.372063,0.605045,0.610283,-0.999484,-2.326392
772,0.465399,1.349427,3.048510,-0.943392,-2.758353
773,0.372063,0.605045,0.618745,-0.999484,-2.326392
774,0.407592,0.634831,0.487856,-0.989544,-2.419330
775,0.460956,1.330326,3.037987,-0.948580,-2.757350
776,0.460897,1.330626,3.036369,-0.947051,-2.757381
777,0.418630,0.606869,0.120739,-0.992829,-2.363846
778,0.459602,1.341144,3.088176,-0.963918,-2.753028
779,0.373729,0.605103,0.528521,-0.994015,-2.346906
780,0.465399,1.349207,3.035134,-0.923217,-2.758353
781,0.372063,0.602195,0.526219,-0.998366,-2.326392
782,0.372063,0.602195,0.520776,-0.998366,-2.326392
783,0.371179,0.605101,0.610176,-0.999478,-2.314568
784,0.407592,0.635652,0.487856,-0.988551,-2.419330
785,0.460191,1.335822,3.067118,-0.927252,-2.713424
786,0.465399,1.350267,3.035134,-0.915265,-2.758353
787,0.400784,1.381525,4.233770,-0.999383,-1.321797
788,0.371179,0.602402,0.566011,-0.999265,-2.314568
789,0.400777,1.382108,4.233770,-0.999317,-1.321814
790,0.403679,0.606297,0.098087,-0.988183,-2.394201
791,0.403679,0.606029,0.152428,-0.985431,-2.401882
792,0.407181,0.605044,0.163428,-0.979986,-2.415639
793,0.460897,1.330326,3.037987,-0.948544,-2.757381
794,0.372063,0.605045,0.610176,-0.999484,-2.326392
795,0.418386,0.606897,0.120739,-0.995255,-2.361156
796,0.459632,1.341144,3.088176,-0.965673,-2.753078
797,0.373729,0.602195,0.528521,-0.996774,-2.346906
798,0.372063,0.605045,0.610283,-0.999484,-2.326392
799,0.465399,1.349427,3.048510,-0.943392,-2.758353
800,0.372063,0.605045,0.618745,-0.999484,-2.326392
801,0.407592,0.634831,0.487856,-0.989544,-2.419330
802,0.460956,1.330326,3.037987,-0.948580,-2.757350
803,0.418386,0.635797,0.534882,-0.994761,-2.385818
804,0.460897,1.330626,3.036369,-0.947051,-2.757381
805,0.459602,1.341144,3.088176,-0.963918,-2.753028
806,0.465399,1.349207,3.035134,-0.923217,-2.758353
807,0.371179,0.605101,0.610176,-0.999478,-2.314568
808,0.372063,0.606823,0.610176,-0.998854,-2.326392
809,0.407592,0.635652,0.487856,-0.988551,-2.419330
810,0.407592,0.635652,0.483317,-0.988551,-2.419330
811,0.418386,0.635797,0.493413,-0.994510,-2.385818
812,0.400784,1.381525,4.233770,-0.999383,-1.321797
813,0.465399,1.350267,3.035134,-0.915265,-2.758353
814,0.371179,0.602402,0.566011,-0.999265,-2.314568
815,0.400777,1.382108,4.233770,-0.999317,-1.321814
816,0.460191,1.335822,3.067118,-0.927252,-2.713424
817,0.407181,0.605044,0.163428,-0.979986,-2.415639
818,0.403679,0.606297,0.098087,-0.988183,-2.394201
819,0.418630,0.606869,0.120739,-0.992829,-2.363846
820,0.403679,0.606029,0.152428,-0.985431,-2.401882
821,0.460897,1.330326,3.037987,-0.948544,-2.757381
822,0.372063,0.605045,0.610176,-0.999484,-2.326392
823,0.418386,0.606897,0.120739,-0.995255,-2.361156
824,0.459632,1.341144,3.088176,-0.965673,-2.753078
825,0.373729,0.602195,0.528521,-0.996774,-2.346906
826,0.372063,0.605045,0.610283,-0.999484,-2.326392
827,0.465399,1.349427,3.048510,-0.943392,-2.758353
828,0.372063,0.605045,0.618745,-0.999484,-2.326392
829,0.407592,0.634831,0.487856,-0.989544,-2.419330
830,0.460956,1.330326,3.037987,-0.948580,-2.757350
831,0.418386,0.635797,0.534882,-0.994761,-2.385818
832,0.460897,1.330626,3.036369,-0.947051,-2.757381
833,0.459602,1.341144,3.088176,-0.963918,-2.753028
834,0.465399,1.349207,3.035134,-0.923221,-2.758353
835,0.371179,0.605101,0.610176,-0.999478,-2.314568
836,0.372063,0.606823,0.610176,-0.998854,-2.326392
837,0.371179,0.605101,0.619601,-0.999478,-2.314568
838,0.407592,0.635652,0.487856,-0.988551,-2.419330
839,0.407592,0.635652,0.483317,-0.988551,-2.419330
840,0.418386,0.635797,0.493413,-0.994510,-2.385818
841,0.400784,1.381525,4.233770,-0.999383,-1.321797
842,0.465399,1.349207,3.035134,-0.923217,-2.758353
843,0.371179,0.602402,0.566011,-0.999265,-2.314568
844,0.400777,1.382108,4.233770,-0.999317,-1.321814
845,0.460191,1.335822,3.067118,-0.927252,-2.713424
846,0.407181,0.605044,0.163428,-0.979986,-2.415639
847,0.460897,1.330326,3.037987,-0.948544,-2.757381
848,0.372063,0.605045,0.610176,-0.999484,-2.326392
849,0.459632,1.341144,3.088176,-0.965673,-2.753078
850,0.373729,0.602195,0.528521,-0.996774,-2.346906
851,0.372063,0.605045,0.610283,-0.999484,-2.326392
852,0.465399,1.349427,3.048510,-0.943392,-2.758353
853,0.372063,0.605045,0.618745,-0.999484,-2.326392
854,0.407592,0.634831,0.487856,-0.989544,-2.419330
855,0.460956,1.330326,3.037987,-0.948580,-2.757350
856,0.419280,0.635652,0.483317,-0.995740,-2.390685
857,0.460897,1.330626,3.036369,-0.947051,-2.757381
858,0.459602,1.341144,3.088176,-0.963918,-2.753028
859,0.465399,1.349207,3.035134,-0.923221,-2.758353
860,0.371179,0.605101,0.610176,-0.999478,-2.314568
861,0.372063,0.606823,0.610176,-0.998854,-2.326392
862,0.371179,0.605101,0.619601,-0.999478,-2.314568
863,0.407592,0.635652,0.487856,-0.988551,-2.419330
864,0.407592,0.635652,0.483317,-0.988551,-2.419330
865,0.418386,0.606897,0.120739,-0.995255,-2.361156
866,0.418386,0.635797,0.534882,-0.994761,-2.385818
867,0.400784,1.381525,4.233770,-0.999383,-1.321797
868,0.465399,1.349207,3.035134,-0.923217,-2.758353
869,0.371179,0.602402,0.566011,-0.999265,-2.314568
870,0.400777,1.382108,4.233770,-0.999317,-1.321814
871,0.460897,1.330326,3.037987,-0.948544,-2.757381
872,0.372063,0.605045,0.610176,-0.999484,-2.326392
873,0.459632,1.341144,3.088176,-0.965673,-2.753078
874,0.373729,0.602195,0.528521,-0.996774,-2.346906
875,0.372063,0.605045,0.610283,-0.999484,-2.326392
876,0.465399,1.349427,3.048510,-0.943392,-2.758353
877,0.372063,0.605045,0.618745,-0.999484,-2.326392
878,0.407592,0.634831,0.487856,-0.989544,-2.419330
879,0.460956,1.330326,3.037987,-0.948580,-2.757350
880,0.419280,0.635652,0.483317,-0.995740,-2.390685
881,0.460897,1.330626,3.036369,-0.947051,-2.757381
882,0.459602,1.341144,3.088176,-0.963918,-2.753028
883,0.465399,1.349207,3.035134,-0.923221,-2.758353
884,0.371179,0.605101,0.610176,-0.999478,-2.314568
885,0.372063,0.606823,0.610176,-0.998854,-2.326392
886,0.371179,0.605101,0.619601,-0.999478,-2.314568
887,0.407592,0.635652,0.487856,-0.988551,-2.419330
888,0.407592,0.635652,0.483317,-0.988551,-2.419330
889,0.418386,0.606897,0.120739,-0.995255,-2.361156
890,0.418386,0.635797,0.534882,-0.994761,-2.385818
891,0.465399,1.349207,3.035134,-0.923217,-2.758353
892,0.371179,0.605275,0.610185,-0.999420,-2.314568
893,0.374589,0.608414,0.613380,-0.979053,-2.351744
894,0.460897,1.330326,3.037987,-0.948544,-2.757381
895,0.372063,0.605045,0.610176,-0.999484,-2.326392
896,0.459632,1.341144,3.088176,-0.965673,-2.753078
897,0.373729,0.602195,0.528521,-0.996774,-2.346906
898,0.372063,0.605045,0.610283,-0.999484,-2.326392
899,0.465399,1.349427,3.048510,-0.943392,-2.758353
900,0.372063,0.605045,0.618745,-0.999484,-2.326392
901,0.407592,0.634831,0.487856,-0.989544,-2.419330
902,0.460956,1.330326,3.037987,-0.948580,-2.757350
903,0.419280,0.635652,0.483317,-0.995740,-2.390685
904,0.460897,1.330626,3.036369,-0.947051,-2.757381
905,0.459602,1.341144,3.088176,-0.963918,-2.753028
906,0.459602,1.341144,3.088176,-0.963918,-2.753028
907,0.465399,1.349207,3.035134,-0.923221,-2.758353
908,0.371179,0.605101,0.610176,-0.999478,-2.314568
909,0.372063,0.606823,0.610176,-0.998854,-2.326392
910,0.371179,0.605101,0.619601,-0.999478,-2.314568
911,0.407592,0.635652,0.487856,-0.988551,-2.419330
912,0.407592,0.635652,0.483317,-0.988551,-2.419330
913,0.418386,0.606897,0.120739,-0.995255,-2.361156
914,0.418386,0.635797,0.534882,-0.994761,-2.385818
915,0.418386,0.635797,0.538015,-0.994761,-2.385818
916,0.371179,0.605275,0.610185,-0.999420,-2.314568
917,0.465399,1.349207,3.035134,-0.923217,-2.758353
918,0.374589,0.608414,0.613380,-0.979053,-2.351744
919,0.460897,1.330326,3.037987,-0.948544,-2.757381
920,0.372063,0.605045,0.610176,-0.999484,-2.326392
921,0.459632,1.341144,3.088176,-0.965673,-2.753078
922,0.373729,0.602195,0.528521,-0.996774,-2.346906
923,0.372063,0.605045,0.610283,-0.999484,-2.326392
924,0.372063,0.605045,0.618745,-0.999484,-2.326392
925,0.407592,0.634831,0.487856,-0.989544,-2.419330
926,0.460956,1.330326,3.037987,-0.948580,-2.757350
927,0.419280,0.635652,0.483317,-0.995740,-2.390685
928,0.465399,1.349207,3.048510,-0.944526,-2.758353
929,0.460897,1.330626,3.036369,-0.947051,-2.757381
930,0.459602,1.341144,3.088176,-0.963918,-2.753028
931,0.459602,1.341144,3.088176,-0.963918,-2.753028
932,0.371179,0.605101,0.610176,-0.999478,-2.314568
933,0.372063,0.606823,0.610176,-0.998854,-2.326392
934,0.371179,0.605101,0.619601,-0.999478,-2.314568
935,0.371179,0.605101,0.613894,-0.999478,-2.314568
936,0.407592,0.635652,0.487856,-0.988551,-2.419330
937,0.407592,0.635652,0.483317,-0.988551,-2.419330
938,0.418386,0.606897,0.120739,-0.995255,-2.361156
939,0.418386,0.635797,0.534882,-0.994761,-2.385818
940,0.418386,0.635797,0.538015,-0.994761,-2.385818
941,0.465399,1.349427,3.048510,-0.943392,-2.758353
942,0.371179,0.605275,0.610185,-0.999420,-2.314568
943,0.465399,1.349207,3.035134,-0.923221,-2.758353
944,0.460897,1.330326,3.037987,-0.948544,-2.757381
945,0.372063,0.605045,0.610176,-0.999484,-2.326392
946,0.459632,1.341144,3.088176,-0.965673,-2.753078
947,0.373729,0.602195,0.528521,-0.996774,-2.346906
948,0.372063,0.605045,0.610283,-0.999484,-2.326392
949,0.372063,0.605045,0.618745,-0.999484,-2.326392
950,0.407592,0.634831,0.487856,-0.989544,-2.419330
951,0.460956,1.330326,3.037987,-0.948580,-2.757350
952,0.419280,0.635652,0.483317,-0.995740,-2.390685
953,0.465399,1.349207,3.048510,-0.944526,-2.758353
954,0.460897,1.330626,3.036369,-0.947051,-2.757381
955,0.459602,1.341144,3.088176,-0.963918,-2.753028
956,0.459602,1.341144,3.088176,-0.963918,-2.753028
957,0.372063,0.605045,0.608262,-0.999247,-2.326392
958,0.371179,0.605100,0.610176,-0.999478,-2.314568
959,0.407592,0.635652,0.487856,-0.988551,-2.419330
960,0.407592,0.635652,0.483317,-0.988551,-2.419330
961,0.419280,0.633905,0.483317,-0.995257,-2.390685
962,0.465399,1.349427,3.048510,-0.943392,-2.758353
963,0.371179,0.605101,0.610176,-0.999478,-2.314568
964,0.465399,1.349207,3.035134,-0.923221,-2.758353
965,0.407102,0.606897,0.118742,-0.983491,-2.386948
966,0.418386,0.635797,0.534882,-0.994761,-2.385818
967,0.460897,1.330326,3.037987,-0.948544,-2.757381
968,0.459632,1.341144,3.088176,-0.965673,-2.753078
969,0.373729,0.602195,0.528521,-0.996774,-2.346906
970,0.460956,1.330326,3.037987,-0.948580,-2.757350
971,0.419280,0.635652,0.483317,-0.995740,-2.390685
972,0.465399,1.349207,3.048510,-0.944526,-2.758353
973,0.372063,0.605045,0.627113,-0.999722,-2.326392
974,0.407867,0.635507,0.491427,-0.991091,-2.422259
975,0.459789,1.341144,3.088176,-0.949034,-2.753157
976,0.460897,1.330626,3.036369,-0.947051,-2.757381
977,0.459602,1.341144,3.088176,-0.963918,-2.753028
978,0.459602,1.341144,3.088176,-0.963918,-2.753028
979,0.419280,0.633905,0.483317,-0.995257,-2.390685
980,0.465399,1.349427,3.048510,-0.943392,-2.758353
981,0.372063,0.605045,0.610176,-0.999484,-2.326392
982,0.372063,0.605045,0.610283,-0.999484,-2.326392
983,0.372063,0.605045,0.618745,-0.999484,-2.326392
984,0.407592,0.634831,0.487856,-0.989544,-2.419330
985,0.371179,0.605100,0.610176,-0.999478,-2.314568
986,0.465399,1.349207,3.035134,-0.923221,-2.758353
987,0.407592,0.635652,0.487856,-0.988551,-2.419330
988,0.459602,1.341144,3.071246,-0.947955,-2.753028
989,0.418386,0.635797,0.534882,-0.994761,-2.385818
990,0.459632,1.341144,3.088176,-0.965673,-2.753078
991,0.373729,0.602195,0.528521,-0.996774,-2.346906
992,0.419280,0.635652,0.483317,-0.995740,-2.390685
993,0.465399,1.349207,3.048510,-0.944526,-2.758353
994,0.372063,0.605045,0.627113,-0.999722,-2.326392
995,0.407867,0.635507,0.491427,-0.991091,-2.422259
996,0.407705,0.636461,0.483410,-0.991320,-2.420950
997,0.460898,1.341144,3.070877,-0.962697,-2.757381
998,0.372063,0.605045,0.625299,-0.999722,-2.326392
999,0.459602,1.341144,3.088176,-0.963918,-2.753028
1000,0.459602,1.341144,3.088176,-0.963918,-2.753028
1001,0.471886,1.330626,3.036369,-0.965241,-2.489618
1002,0.419280,0.635652,0.492042,-0.995533,-2.390685
1003,0.465399,1.349427,3.048510,-0.943392,-2.758353
1004,0.407592,0.634831,0.487856,-0.989544,-2.419330
1005,0.460897,1.330326,3.037987,-0.948544,-2.757381
1006,0.460961,1.331329,3.048510,-0.959925,-2.757350
1007,0.372063,0.605045,0.610176,-0.999484,-2.326392
1008,0.372063,0.605045,0.610283,-0.999484,-2.326392
1009,0.372063,0.605045,0.618745,-0.999484,-2.326392
1010,0.372063,0.605045,0.611990,-0.999484,-2.326392
1011,0.371179,0.605100,0.610176,-0.999478,-2.314568
1012,0.465394,1.348204,3.037987,-0.930536,-2.758353
1013,0.459632,1.341144,3.088176,-0.965673,-2.753078
1014,0.373729,0.602195,0.528521,-0.996774,-2.346906
1015,0.419280,0.635652,0.483317,-0.995740,-2.390685
1016,0.465399,1.349207,3.048510,-0.944526,-2.758353
1017,0.372063,0.605045,0.627113,-0.999722,-2.326392
1018,0.407705,0.636461,0.483410,-0.991320,-2.420950
1019,0.460898,1.341144,3.070877,-0.962697,-2.757381
1020,0.372063,0.605045,0.625299,-0.999722,-2.326392
1021,0.419280,0.635652,0.484173,-0.995740,-2.390685
1022,0.407867,0.636476,0.491427,-0.991251,-2.422259
1023,0.372063,0.605045,0.627429,-0.999722,-2.326392
1024,0.459632,1.341144,3.088176,-0.965673,-2.753078
1025,0.465399,1.349427,3.048510,-0.943392,-2.758353
1026,0.407705,0.636464,0.483410,-0.991311,-2.420950
1027,0.460897,1.330326,3.037987,-0.948544,-2.757381
1028,0.460961,1.331329,3.048510,-0.959925,-2.757350
1029,0.419280,0.635652,0.492042,-0.995533,-2.390685
1030,0.407867,0.635507,0.491427,-0.991091,-2.422259
1031,0.372063,0.604076,0.627113,-0.999669,-2.326392
1032,0.459602,1.341144,3.088176,-0.963918,-2.753028
1033,0.459602,1.341144,3.088176,-0.963918,-2.753028
1034,0.471886,1.330626,3.036369,-0.965241,-2.489618
1035,0.459603,1.341144,3.088176,-0.963918,-2.753028
1036,0.372063,0.605045,0.610176,-0.999484,-2.326392
1037,0.459632,1.341144,3.088176,-0.965673,-2.753078
1038,0.373729,0.602195,0.528521,-0.996774,-2.346906
1039,0.419280,0.635652,0.483317,-0.995740,-2.390685
1040,0.465399,1.349207,3.048510,-0.944526,-2.758353
1041,0.372063,0.605045,0.627113,-0.999722,-2.326392
1042,0.460898,1.341144,3.070877,-0.962697,-2.757381
1043,0.372063,0.605045,0.625299,-0.999722,-2.326392
1044,0.419280,0.635652,0.484173,-0.995740,-2.390685
1045,0.372063,0.605045,0.627429,-0.999722,-2.326392
1046,0.459632,1.341144,3.088176,-0.965673,-2.753078
1047,0.460961,1.330001,3.048510,-0.965390,-2.757350
1048,0.372063,0.605045,0.626412,-0.999722,-2.326392
1049,0.407138,0.635794,0.627113,-0.994378,-2.435815
1050,0.465399,1.349427,3.048510,-0.943392,-2.758353
1051,0.460897,1.330326,3.037987,-0.948544,-2.757381
1052,0.419280,0.635652,0.492042,-0.995533,-2.390685
1053,0.460961,1.331329,3.048510,-0.959925,-2.757350
1054,0.459602,1.341144,3.088176,-0.963918,-2.753028
1055,0.459602,1.341144,3.088176,-0.963918,-2.753028
1056,0.471886,1.330626,3.036369,-0.965241,-2.489618
1057,0.459603,1.341144,3.088176,-0.963918,-2.753028
1058,0.372063,0.604076,0.627113,-0.999669,-2.326392
1059,0.407705,0.636461,0.483410,-0.991320,-2.420950
1060,0.407867,0.636476,0.491427,-0.991251,-2.422259
1061,0.372063,0.605045,0.610176,-0.999484,-2.326392
1062,0.459632,1.341144,3.088176,-0.965673,-2.753078
1063,0.373729,0.602195,0.528521,-0.996774,-2.346906
1064,0.419280,0.635652,0.483317,-0.995740,-2.390685
1065,0.465399,1.349207,3.048510,-0.944526,-2.758353
1066,0.372063,0.605045,0.627113,-0.999722,-2.326392
1067,0.460898,1.341144,3.070877,-0.962697,-2.757381
1068,0.372063,0.605045,0.625299,-0.999722,-2.326392
1069,0.419280,0.635652,0.484173,-0.995740,-2.390685
1070,0.372063,0.605045,0.627429,-0.999722,-2.326392
1071,0.459632,1.341144,3.088176,-0.965673,-2.753078
1072,0.460961,1.330001,3.048510,-0.965390,-2.757350
1073,0.372063,0.605045,0.626412,-0.999722,-2.326392
1074,0.407138,0.635794,0.627113,-0.994378,-2.435815
1075,0.372063,0.605045,0.627422,-0.999722,-2.326392
1076,0.465399,1.349427,3.048510,-0.943392,-2.758353
1077,0.460897,1.330326,3.037987,-0.948544,-2.757381
1078,0.419280,0.635652,0.492042,-0.995533,-2.390685
1079,0.460961,1.331329,3.048510,-0.959925,-2.757350
1080,0.459602,1.341144,3.088176,-0.963918,-2.753028
1081,0.459602,1.341144,3.088176,-0.963918,-2.753028
1082,0.471886,1.330626,3.036369,-0.965241,-2.489618
1083,0.459603,1.341144,3.088176,-0.963918,-2.753028
1084,0.407705,0.636461,0.483410,-0.991320,-2.420950
1085,0.407867,0.636476,0.491427,-0.991251,-2.422259
1086,0.372063,0.604076,0.627113,-0.999669,-2.326392
1087,0.459632,1.341144,3.088176,-0.965673,-2.753078
1088,0.373729,0.602195,0.528521,-0.996774,-2.346906
1089,0.419280,0.635652,0.483317,-0.995740,-2.390685
1090,0.465399,1.349207,3.048510,-0.944526,-2.758353
1091,0.372063,0.605045,0.627113,-0.999722,-2.326392
1092,0.460898,1.341144,3.070877,-0.962697,-2.757381
1093,0.372063,0.605045,0.625299,-0.999722,-2.326392
1094,0.419280,0.635652,0.484173,-0.995740,-2.390685
1095,0.372063,0.605045,0.627429,-0.999722,-2.326392
1096,0.459632,1.341144,3.088176,-0.965673,-2.753078
1097,0.460961,1.330001,3.048510,-0.965390,-2.757350
1098,0.372063,0.605045,0.626412,-0.999722,-2.326392
1099,0.372063,0.605045,0.627422,-0.999722,-2.326392
1100,0.460898,1.341144,3.074183,-0.962697,-2.757381
1101,0.407138,0.632097,0.577145,-0.994406,-2.435815
1102,0.465399,1.349427,3.048510,-0.943392,-2.758353
1103,0.419280,0.635652,0.492042,-0.995533,-2.390685
1104,0.459602,1.341144,3.088176,-0.963918,-2.753028
1105,0.459602,1.341144,3.088176,-0.963918,-2.753028
1106,0.471886,1.330626,3.036369,-0.965241,-2.489618
1107,0.459603,1.341144,3.088176,-0.963918,-2.753028
1108,0.372063,0.604076,0.627113,-0.999669,-2.326392
1109,0.460897,1.330326,3.037987,-0.948544,-2.757381
1110,0.460961,1.331329,3.048510,-0.959925,-2.757350
1111,0.407138,0.635794,0.627113,-0.994378,-2.435815
1112,0.372063,0.590249,0.627429,-0.992443,-2.267459
1113,0.459632,1.341144,3.088176,-0.965673,-2.753078
1114,0.373729,0.602195,0.528521,-0.996774,-2.346906
1115,0.419280,0.635652,0.483317,-0.995740,-2.390685
1116,0.465399,1.349207,3.048510,-0.944526,-2.758353
1117,0.372063,0.605045,0.627113,-0.999722,-2.326392
1118,0.460898,1.341144,3.070877,-0.962697,-2.757381
1119,0.372063,0.605045,0.625299,-0.999722,-2.326392
1120,0.419280,0.635652,0.484173,-0.995740,-2.390685
1121,0.372063,0.605045,0.627429,-0.999722,-2.326392
1122,0.459632,1.341144,3.088176,-0.965673,-2.753078
1123,0.460961,1.330001,3.048510,-0.965390,-2.757350
1124,0.372063,0.605045,0.626412,-0.999722,-2.326392
1125,0.372063,0.605045,0.627422,-0.999722,-2.326392
1126,0.460898,1.341144,3.074183,-0.962697,-2.757381
1127,0.407138,0.632097,0.577145,-0.994406,-2.435815
1128,0.373725,0.602195,0.528521,-0.997113,-2.346783
1129,0.465399,1.349427,3.048510,-0.943392,-2.758353
1130,0.419280,0.635652,0.492042,-0.995533,-2.390685
1131,0.459602,1.341144,3.088176,-0.963918,-2.753028
1132,0.459602,1.341144,3.088176,-0.963918,-2.753028
1133,0.471886,1.330626,3.036369,-0.965241,-2.489618
1134,0.459603,1.341144,3.088176,-0.963918,-2.753028
1135,0.372063,0.604076,0.627113,-0.999669,-2.326392
1136,0.460897,1.330326,3.037987,-0.948544,-2.757381
1137,0.460961,1.331329,3.048510,-0.959925,-2.757350
1138,0.407138,0.635794,0.627113,-0.994378,-2.435815
1139,0.459632,1.341144,3.088176,-0.965673,-2.753078
1140,0.373729,0.602195,0.528521,-0.996774,-2.346906
1141,0.419280,0.635652,0.483317,-0.995740,-2.390685
1142,0.465399,1.349207,3.048510,-0.944526,-2.758353
1143,0.372063,0.605045,0.627113,-0.999722,-2.326392
1144,0.460898,1.341144,3.070877,-0.962697,-2.757381
1145,0.372063,0.605045,0.625299,-0.999722,-2.326392
1146,0.419280,0.635652,0.484173,-0.995740,-2.390685
1147,0.372063,0.605045,0.627429,-0.999722,-2.326392
1148,0.459632,1.341144,3.088176,-0.965673,-2.753078
1149,0.460961,1.330001,3.048510,-0.965390,-2.757350
1150,0.372063,0.605045,0.626412,-0.999722,-2.326392
1151,0.372063,0.605045,0.627422,-0.999722,-2.326392
1152,0.460898,1.341144,3.074183,-0.962697,-2.757381
1153,0.407138,0.632097,0.577145,-0.994406,-2.435815
1154,0.373725,0.602195,0.528521,-0.997113,-2.346783
1155,0.469896,1.341144,3.088176,-0.987585,-2.484618
1156,0.459632,1.341144,3.088157,-0.965673,-2.753078
1157,0.372063,0.604076,0.627113,-0.999669,-2.326392
1158,0.465399,1.349427,3.048510,-0.943392,-2.758353
1159,0.471886,1.330626,3.036369,-0.965241,-2.489618
1160,0.459602,1.341144,3.088176,-0.963918,-2.753028
1161,0.407138,0.635794,0.627113,-0.994378,-2.435815
1162,0.419280,0.635652,0.492042,-0.995533,-2.390685
1163,0.460897,1.330326,3.037987,-0.948544,-2.757381
1164,0.460961,1.331329,3.048510,-0.959925,-2.757350
1165,0.459602,1.341144,3.088176,-0.963918,-2.753028
1166,0.459632,1.341144,3.088176,-0.965673,-2.753078
1167,0.373729,0.602195,0.528521,-0.996774,-2.346906
1168,0.419280,0.635652,0.483317,-0.995740,-2.390685
1169,0.465399,1.349207,3.048510,-0.944526,-2.758353
1170,0.372063,0.605045,0.627113,-0.999722,-2.326392
1171,0.460898,1.341144,3.070877,-0.962697,-2.757381
1172,0.372063,0.605045,0.625299,-0.999722,-2.326392
1173,0.419280,0.635652,0.484173,-0.995740,-2.390685
1174,0.372063,0.605045,0.627429,-0.999722,-2.326392
1175,0.459632,1.341144,3.088176,-0.965673,-2.753078
1176,0.460961,1.330001,3.048510,-0.965390,-2.757350
1177,0.372063,0.605045,0.626412,-0.999722,-2.326392
1178,0.372063,0.605045,0.627422,-0.999722,-2.326392
1179,0.460898,1.341144,3.074183,-0.962697,-2.757381
1180,0.407138,0.632097,0.577145,-0.994406,-2.435815
1181,0.373725,0.602195,0.528521,-0.997113,-2.346783
1182,0.459632,1.341144,3.088157,-0.965673,-2.753078
1183,0.373782,0.602195,0.528521,-0.999199,-2.346579
1184,0.470001,1.341144,3.088176,-0.990800,-2.484618
1185,0.372063,0.605045,0.620330,-0.999722,-2.326392
1186,0.419280,0.635652,0.483542,-0.995740,-2.390685
1187,0.372063,0.604076,0.627113,-0.999669,-2.326392
1188,0.465399,1.349427,3.048510,-0.943392,-2.758353
1189,0.471886,1.330626,3.036369,-0.965241,-2.489618
1190,0.459602,1.341144,3.088176,-0.963918,-2.753028
1191,0.469896,1.341144,3.088176,-0.987585,-2.484618
1192,0.419280,0.635652,0.492042,-0.995533,-2.390685
1193,0.373729,0.602195,0.528521,-0.996774,-2.346906
1194,0.419280,0.635652,0.483317,-0.995740,-2.390685
1195,0.465399,1.349207,3.048510,-0.944526,-2.758353
1196,0.372063,0.605045,0.627113,-0.999722,-2.326392
1197,0.372063,0.605045,0.625299,-0.999722,-2.326392
1198,0.419280,0.635652,0.484173,-0.995740,-2.390685
1199,0.372063,0.605045,0.627429,-0.999722,-2.326392
1200,0.372063,0.605045,0.626412,-0.999722,-2.326392
1201,0.372063,0.605045,0.627422,-0.999722,-2.326392
1202,0.407138,0.632097,0.577145,-0.994406,-2.435815
1203,0.373725,0.602195,0.528521,-0.997113,-2.346783
1204,0.373782,0.602195,0.528521,-0.999199,-2.346579
1205,0.470001,1.341144,3.088176,-0.990800,-2.484618
1206,0.372063,0.605045,0.620330,-0.999722,-2.326392
1207,0.419280,0.635652,0.483542,-0.995740,-2.390685
1208,0.949630,1.647918,0.710629,-0.604622,-4.728162
1209,0.461066,1.329882,3.048510,-0.968222,-2.758171
1210,0.372063,0.604076,0.627113,-0.999669,-2.326392
1211,0.465399,1.349427,3.048510,-0.943392,-2.758353
1212,0.469972,1.341144,3.088176,-0.990146,-2.484618
1213,0.459632,1.341144,3.088176,-0.965673,-2.753078
1214,0.406399,0.632097,0.577145,-0.992918,-2.409443
1215,0.460898,1.341144,3.070877,-0.962697,-2.757381
1216,0.419280,0.635652,0.492042,-0.995533,-2.390685
1217,0.460961,1.330001,3.048510,-0.965390,-2.757350
1218,0.459662,1.341144,3.088176,-0.965673,-2.753078
1219,0.460898,1.341144,3.074183,-0.962697,-2.757381
1220,0.459632,1.341144,3.088176,-0.965673,-2.753078
1221,0.373729,0.602195,0.528521,-0.996774,-2.346906
1222,0.419280,0.635652,0.483317,-0.995740,-2.390685
1223,0.465399,1.349207,3.048510,-0.944526,-2.758353
1224,0.372063,0.605045,0.627113,-0.999722,-2.326392
1225,0.372063,0.605045,0.625299,-0.999722,-2.326392
1226,0.419280,0.635652,0.484173,-0.995740,-2.390685
1227,0.372063,0.605045,0.627429,-0.999722,-2.326392
1228,0.372063,0.605045,0.626412,-0.999722,-2.326392
1229,0.372063,0.605045,0.627422,-0.999722,-2.326392
1230,0.407138,0.632097,0.577145,-0.994406,-2.435815
1231,0.373725,0.602195,0.528521,-0.997113,-2.346783
1232,0.373782,0.602195,0.528521,-0.999199,-2.346579
1233,0.470001,1.341144,3.088176,-0.990800,-2.484618
1234,0.372063,0.605045,0.620330,-0.999722,-2.326392
1235,0.419280,0.635652,0.483542,-0.995740,-2.390685
1236,0.949630,1.647918,0.710629,-0.604622,-4.728162
1237,0.461066,1.329882,3.048510,-0.968222,-2.758171
1238,0.423497,0.628999,0.487516,-0.999390,-2.346202
1239,0.465399,1.349427,3.048510,-0.943392,-2.758353
1240,0.406399,0.632097,0.577145,-0.992918,-2.409443
1241,0.469972,1.341144,3.088176,-0.990146,-2.484618
1242,0.372063,0.604076,0.627113,-0.999669,-2.326392
1243,0.419280,0.635652,0.492042,-0.995533,-2.390685
1244,0.459632,1.341144,3.088176,-0.965673,-2.753078
1245,0.460898,1.341144,3.070877,-0.962697,-2.757381
1246,0.460961,1.330001,3.048510,-0.965390,-2.757350
1247,0.459662,1.341144,3.088176,-0.965673,-2.753078
1248,0.460898,1.341144,3.074183,-0.962697,-2.757381
1249,0.459632,1.341144,3.088176,-0.965673,-2.753078
1250,0.373729,0.602195,0.528521,-0.996774,-2.346906
1251,0.419280,0.635652,0.483317,-0.995740,-2.390685
1252,0.465399,1.349207,3.048510,-0.944526,-2.758353
1253,0.372063,0.605045,0.627113,-0.999722,-2.326392
1254,0.372063,0.605045,0.625299,-0.999722,-2.326392
1255,0.419280,0.635652,0.484173,-0.995740,-2.390685
1256,0.372063,0.605045,0.627429,-0.999722,-2.326392
1257,0.372063,0.605045,0.626412,-0.999722,-2.326392
1258,0.372063,0.605045,0.627422,-0.999722,-2.326392
1259,0.407138,0.632097,0.577145,-0.994406,-2.435815
1260,0.373725,0.602195,0.528521,-0.997113,-2.346783
1261,0.373782,0.602195,0.528521,-0.999199,-2.346579
1262,0.470001,1.341144,3.088176,-0.990800,-2.484618
1263,0.372063,0.605045,0.620330,-0.999722,-2.326392
1264,0.419280,0.635652,0.483542,-0.995740,-2.390685
1265,0.949630,1.647918,0.710629,-0.604622,-4.728162
1266,0.461066,1.329882,3.048510,-0.968222,-2.758171
1267,0.423497,0.628999,0.487516,-0.999390,-2.346202
1268,0.373729,0.602195,0.521010,-0.996774,-2.346906
1269,0.459632,1.340288,3.088176,-0.969071,-2.753078
1270,0.372063,0.604076,0.627113,-0.999669,-2.326392
1271,0.465399,1.349427,3.048510,-0.943392,-2.758353
1272,0.469972,1.341144,3.088176,-0.990146,-2.484618
1273,0.459632,1.341144,3.088176,-0.965673,-2.753078
1274,0.406399,0.632097,0.577145,-0.992918,-2.409443
1275,0.460898,1.341144,3.070877,-0.962697,-2.757381
1276,0.419280,0.635652,0.492042,-0.995533,-2.390685
1277,0.460961,1.330001,3.048510,-0.965390,-2.757350
1278,0.459662,1.341144,3.088176,-0.965673,-2.753078
1279,0.373729,0.602195,0.528521,-0.996774,-2.346906
1280,0.419280,0.635652,0.483317,-0.995740,-2.390685
1281,0.465399,1.349207,3.048510,-0.944526,-2.758353
1282,0.372063,0.605045,0.627113,-0.999722,-2.326392
1283,0.372063,0.605045,0.625299,-0.999722,-2.326392
1284,0.419280,0.635652,0.484173,-0.995740,-2.390685
1285,0.372063,0.605045,0.627429,-0.999722,-2.326392
1286,0.372063,0.605045,0.626412,-0.999722,-2.326392
1287,0.372063,0.605045,0.627422,-0.999722,-2.326392
1288,0.407138,0.632097,0.577145,-0.994406,-2.435815
1289,0.373725,0.602195,0.528521,-0.997113,-2.346783
1290,0.373782,0.602195,0.528521,-0.999199,-2.346579
1291,0.470001,1.341144,3.088176,-0.990800,-2.484618
1292,0.372063,0.605045,0.620330,-0.999722,-2.326392
1293,0.419280,0.635652,0.483542,-0.995740,-2.390685
1294,0.949630,1.647918,0.710629,-0.604622,-4.728162
1295,0.461066,1.329882,3.048510,-0.968222,-2.758171
1296,0.423497,0.628999,0.487516,-0.999390,-2.346202
1297,0.373729,0.602195,0.521010,-0.996774,-2.346906
1298,0.459632,1.340288,3.088176,-0.969071,-2.753078
1299,0.469972,1.349139,3.088202,-0.987300,-2.598411
1300,0.372063,0.604076,0.627113,-0.999669,-2.326392
1301,0.465399,1.349427,3.048510,-0.943392,-2.758353
1302,0.469972,1.341144,3.088176,-0.990146,-2.484618
1303,0.459632,1.341144,3.088176,-0.965673,-2.753078
1304,0.406399,0.632097,0.577145,-0.992918,-2.409443
1305,0.460898,1.341144,3.070877,-0.962697,-2.757381
1306,0.419280,0.635652,0.492042,-0.995533,-2.390685
1307,0.460961,1.330001,3.048510,-0.965390,-2.757350
